--
-- PostgreSQL database dump
--

-- Dumped from database version 17.4 (Debian 17.4-1.pgdg120+2)
-- Dumped by pg_dump version 17.2

SET statement_timeout = 0;
SET lock_timeout = 0;
SET idle_in_transaction_session_timeout = 0;
SET transaction_timeout = 0;
SET client_encoding = 'UTF8';
SET standard_conforming_strings = on;
SELECT pg_catalog.set_config('search_path', '', false);
SET check_function_bodies = false;
SET xmloption = content;
SET client_min_messages = warning;
SET row_security = off;

--
-- Name: beancount-trans; Type: DATABASE; Schema: -; Owner: root
--

CREATE DATABASE "beancount-trans" WITH TEMPLATE = template0 ENCODING = 'UTF8' LOCALE_PROVIDER = libc LOCALE = 'en_US.utf8';


ALTER DATABASE "beancount-trans" OWNER TO root;

\connect -reuse-previous=on "dbname='beancount-trans'"

SET statement_timeout = 0;
SET lock_timeout = 0;
SET idle_in_transaction_session_timeout = 0;
SET transaction_timeout = 0;
SET client_encoding = 'UTF8';
SET standard_conforming_strings = on;
SELECT pg_catalog.set_config('search_path', '', false);
SET check_function_bodies = false;
SET xmloption = content;
SET client_min_messages = warning;
SET row_security = off;

SET default_tablespace = '';

SET default_table_access_method = heap;

--
-- Name: account_emailaddress; Type: TABLE; Schema: public; Owner: root
--

CREATE TABLE public.account_emailaddress (
    id integer NOT NULL,
    email character varying(254) NOT NULL,
    verified boolean NOT NULL,
    "primary" boolean NOT NULL,
    user_id integer NOT NULL
);


ALTER TABLE public.account_emailaddress OWNER TO root;

--
-- Name: account_emailaddress_id_seq; Type: SEQUENCE; Schema: public; Owner: root
--

ALTER TABLE public.account_emailaddress ALTER COLUMN id ADD GENERATED BY DEFAULT AS IDENTITY (
    SEQUENCE NAME public.account_emailaddress_id_seq
    START WITH 1
    INCREMENT BY 1
    NO MINVALUE
    NO MAXVALUE
    CACHE 1
);


--
-- Name: account_emailconfirmation; Type: TABLE; Schema: public; Owner: root
--

CREATE TABLE public.account_emailconfirmation (
    id integer NOT NULL,
    created timestamp with time zone NOT NULL,
    sent timestamp with time zone,
    key character varying(64) NOT NULL,
    email_address_id integer NOT NULL
);


ALTER TABLE public.account_emailconfirmation OWNER TO root;

--
-- Name: account_emailconfirmation_id_seq; Type: SEQUENCE; Schema: public; Owner: root
--

ALTER TABLE public.account_emailconfirmation ALTER COLUMN id ADD GENERATED BY DEFAULT AS IDENTITY (
    SEQUENCE NAME public.account_emailconfirmation_id_seq
    START WITH 1
    INCREMENT BY 1
    NO MINVALUE
    NO MAXVALUE
    CACHE 1
);


--
-- Name: auth_group; Type: TABLE; Schema: public; Owner: root
--

CREATE TABLE public.auth_group (
    id integer NOT NULL,
    name character varying(150) NOT NULL
);


ALTER TABLE public.auth_group OWNER TO root;

--
-- Name: auth_group_id_seq; Type: SEQUENCE; Schema: public; Owner: root
--

ALTER TABLE public.auth_group ALTER COLUMN id ADD GENERATED BY DEFAULT AS IDENTITY (
    SEQUENCE NAME public.auth_group_id_seq
    START WITH 1
    INCREMENT BY 1
    NO MINVALUE
    NO MAXVALUE
    CACHE 1
);


--
-- Name: auth_group_permissions; Type: TABLE; Schema: public; Owner: root
--

CREATE TABLE public.auth_group_permissions (
    id bigint NOT NULL,
    group_id integer NOT NULL,
    permission_id integer NOT NULL
);


ALTER TABLE public.auth_group_permissions OWNER TO root;

--
-- Name: auth_group_permissions_id_seq; Type: SEQUENCE; Schema: public; Owner: root
--

ALTER TABLE public.auth_group_permissions ALTER COLUMN id ADD GENERATED BY DEFAULT AS IDENTITY (
    SEQUENCE NAME public.auth_group_permissions_id_seq
    START WITH 1
    INCREMENT BY 1
    NO MINVALUE
    NO MAXVALUE
    CACHE 1
);


--
-- Name: auth_permission; Type: TABLE; Schema: public; Owner: root
--

CREATE TABLE public.auth_permission (
    id integer NOT NULL,
    name character varying(255) NOT NULL,
    content_type_id integer NOT NULL,
    codename character varying(100) NOT NULL
);


ALTER TABLE public.auth_permission OWNER TO root;

--
-- Name: auth_permission_id_seq; Type: SEQUENCE; Schema: public; Owner: root
--

ALTER TABLE public.auth_permission ALTER COLUMN id ADD GENERATED BY DEFAULT AS IDENTITY (
    SEQUENCE NAME public.auth_permission_id_seq
    START WITH 1
    INCREMENT BY 1
    NO MINVALUE
    NO MAXVALUE
    CACHE 1
);


--
-- Name: auth_user; Type: TABLE; Schema: public; Owner: root
--

CREATE TABLE public.auth_user (
    id integer NOT NULL,
    password character varying(128) NOT NULL,
    last_login timestamp with time zone,
    is_superuser boolean NOT NULL,
    username character varying(150) NOT NULL,
    first_name character varying(150) NOT NULL,
    last_name character varying(150) NOT NULL,
    email character varying(254) NOT NULL,
    is_staff boolean NOT NULL,
    is_active boolean NOT NULL,
    date_joined timestamp with time zone NOT NULL
);


ALTER TABLE public.auth_user OWNER TO root;

--
-- Name: auth_user_groups; Type: TABLE; Schema: public; Owner: root
--

CREATE TABLE public.auth_user_groups (
    id bigint NOT NULL,
    user_id integer NOT NULL,
    group_id integer NOT NULL
);


ALTER TABLE public.auth_user_groups OWNER TO root;

--
-- Name: auth_user_groups_id_seq; Type: SEQUENCE; Schema: public; Owner: root
--

ALTER TABLE public.auth_user_groups ALTER COLUMN id ADD GENERATED BY DEFAULT AS IDENTITY (
    SEQUENCE NAME public.auth_user_groups_id_seq
    START WITH 1
    INCREMENT BY 1
    NO MINVALUE
    NO MAXVALUE
    CACHE 1
);


--
-- Name: auth_user_id_seq; Type: SEQUENCE; Schema: public; Owner: root
--

ALTER TABLE public.auth_user ALTER COLUMN id ADD GENERATED BY DEFAULT AS IDENTITY (
    SEQUENCE NAME public.auth_user_id_seq
    START WITH 1
    INCREMENT BY 1
    NO MINVALUE
    NO MAXVALUE
    CACHE 1
);


--
-- Name: auth_user_user_permissions; Type: TABLE; Schema: public; Owner: root
--

CREATE TABLE public.auth_user_user_permissions (
    id bigint NOT NULL,
    user_id integer NOT NULL,
    permission_id integer NOT NULL
);


ALTER TABLE public.auth_user_user_permissions OWNER TO root;

--
-- Name: auth_user_user_permissions_id_seq; Type: SEQUENCE; Schema: public; Owner: root
--

ALTER TABLE public.auth_user_user_permissions ALTER COLUMN id ADD GENERATED BY DEFAULT AS IDENTITY (
    SEQUENCE NAME public.auth_user_user_permissions_id_seq
    START WITH 1
    INCREMENT BY 1
    NO MINVALUE
    NO MAXVALUE
    CACHE 1
);


--
-- Name: authtoken_token; Type: TABLE; Schema: public; Owner: root
--

CREATE TABLE public.authtoken_token (
    key character varying(40) NOT NULL,
    created timestamp with time zone NOT NULL,
    user_id integer NOT NULL
);


ALTER TABLE public.authtoken_token OWNER TO root;

--
-- Name: django_admin_log; Type: TABLE; Schema: public; Owner: root
--

CREATE TABLE public.django_admin_log (
    id integer NOT NULL,
    action_time timestamp with time zone NOT NULL,
    object_id text,
    object_repr character varying(200) NOT NULL,
    action_flag smallint NOT NULL,
    change_message text NOT NULL,
    content_type_id integer,
    user_id integer NOT NULL,
    CONSTRAINT django_admin_log_action_flag_check CHECK ((action_flag >= 0))
);


ALTER TABLE public.django_admin_log OWNER TO root;

--
-- Name: django_admin_log_id_seq; Type: SEQUENCE; Schema: public; Owner: root
--

ALTER TABLE public.django_admin_log ALTER COLUMN id ADD GENERATED BY DEFAULT AS IDENTITY (
    SEQUENCE NAME public.django_admin_log_id_seq
    START WITH 1
    INCREMENT BY 1
    NO MINVALUE
    NO MAXVALUE
    CACHE 1
);


--
-- Name: django_content_type; Type: TABLE; Schema: public; Owner: root
--

CREATE TABLE public.django_content_type (
    id integer NOT NULL,
    app_label character varying(100) NOT NULL,
    model character varying(100) NOT NULL
);


ALTER TABLE public.django_content_type OWNER TO root;

--
-- Name: django_content_type_id_seq; Type: SEQUENCE; Schema: public; Owner: root
--

ALTER TABLE public.django_content_type ALTER COLUMN id ADD GENERATED BY DEFAULT AS IDENTITY (
    SEQUENCE NAME public.django_content_type_id_seq
    START WITH 1
    INCREMENT BY 1
    NO MINVALUE
    NO MAXVALUE
    CACHE 1
);


--
-- Name: django_migrations; Type: TABLE; Schema: public; Owner: root
--

CREATE TABLE public.django_migrations (
    id bigint NOT NULL,
    app character varying(255) NOT NULL,
    name character varying(255) NOT NULL,
    applied timestamp with time zone NOT NULL
);


ALTER TABLE public.django_migrations OWNER TO root;

--
-- Name: django_migrations_id_seq; Type: SEQUENCE; Schema: public; Owner: root
--

ALTER TABLE public.django_migrations ALTER COLUMN id ADD GENERATED BY DEFAULT AS IDENTITY (
    SEQUENCE NAME public.django_migrations_id_seq
    START WITH 1
    INCREMENT BY 1
    NO MINVALUE
    NO MAXVALUE
    CACHE 1
);


--
-- Name: django_session; Type: TABLE; Schema: public; Owner: root
--

CREATE TABLE public.django_session (
    session_key character varying(40) NOT NULL,
    session_data text NOT NULL,
    expire_date timestamp with time zone NOT NULL
);


ALTER TABLE public.django_session OWNER TO root;

--
-- Name: django_site; Type: TABLE; Schema: public; Owner: root
--

CREATE TABLE public.django_site (
    id integer NOT NULL,
    domain character varying(100) NOT NULL,
    name character varying(50) NOT NULL
);


ALTER TABLE public.django_site OWNER TO root;

--
-- Name: django_site_id_seq; Type: SEQUENCE; Schema: public; Owner: root
--

ALTER TABLE public.django_site ALTER COLUMN id ADD GENERATED BY DEFAULT AS IDENTITY (
    SEQUENCE NAME public.django_site_id_seq
    START WITH 1
    INCREMENT BY 1
    NO MINVALUE
    NO MAXVALUE
    CACHE 1
);


--
-- Name: maps_assets; Type: TABLE; Schema: public; Owner: root
--

CREATE TABLE public.maps_assets (
    id bigint NOT NULL,
    created timestamp with time zone NOT NULL,
    modified timestamp with time zone NOT NULL,
    key character varying(16) NOT NULL,
    "full" character varying(16) NOT NULL,
    owner_id integer NOT NULL,
    assets character varying(64) NOT NULL,
    enable boolean NOT NULL
);


ALTER TABLE public.maps_assets OWNER TO root;

--
-- Name: maps_assets_id_seq; Type: SEQUENCE; Schema: public; Owner: root
--

ALTER TABLE public.maps_assets ALTER COLUMN id ADD GENERATED BY DEFAULT AS IDENTITY (
    SEQUENCE NAME public.maps_assets_id_seq
    START WITH 1
    INCREMENT BY 1
    NO MINVALUE
    NO MAXVALUE
    CACHE 1
);


--
-- Name: maps_expense; Type: TABLE; Schema: public; Owner: root
--

CREATE TABLE public.maps_expense (
    id bigint NOT NULL,
    created timestamp with time zone NOT NULL,
    modified timestamp with time zone NOT NULL,
    key character varying(16) NOT NULL,
    payee character varying(32),
    expend character varying(64) NOT NULL,
    owner_id integer NOT NULL,
    currency character varying(24),
    enable boolean NOT NULL
);


ALTER TABLE public.maps_expense OWNER TO root;

--
-- Name: maps_expense_id_seq; Type: SEQUENCE; Schema: public; Owner: root
--

ALTER TABLE public.maps_expense ALTER COLUMN id ADD GENERATED BY DEFAULT AS IDENTITY (
    SEQUENCE NAME public.maps_expense_id_seq
    START WITH 1
    INCREMENT BY 1
    NO MINVALUE
    NO MAXVALUE
    CACHE 1
);


--
-- Name: maps_income; Type: TABLE; Schema: public; Owner: root
--

CREATE TABLE public.maps_income (
    id bigint NOT NULL,
    created timestamp with time zone NOT NULL,
    modified timestamp with time zone NOT NULL,
    key character varying(16) NOT NULL,
    payer character varying(8),
    income character varying(64) NOT NULL,
    owner_id integer NOT NULL,
    enable boolean NOT NULL
);


ALTER TABLE public.maps_income OWNER TO root;

--
-- Name: maps_income_id_seq; Type: SEQUENCE; Schema: public; Owner: root
--

ALTER TABLE public.maps_income ALTER COLUMN id ADD GENERATED BY DEFAULT AS IDENTITY (
    SEQUENCE NAME public.maps_income_id_seq
    START WITH 1
    INCREMENT BY 1
    NO MINVALUE
    NO MAXVALUE
    CACHE 1
);


--
-- Name: owntracks_owntracklog; Type: TABLE; Schema: public; Owner: root
--

CREATE TABLE public.owntracks_owntracklog (
    id bigint NOT NULL,
    tid character varying(100) NOT NULL,
    lat double precision NOT NULL,
    lon double precision NOT NULL,
    creation_time timestamp with time zone NOT NULL
);


ALTER TABLE public.owntracks_owntracklog OWNER TO root;

--
-- Name: owntracks_owntracklog_id_seq; Type: SEQUENCE; Schema: public; Owner: root
--

ALTER TABLE public.owntracks_owntracklog ALTER COLUMN id ADD GENERATED BY DEFAULT AS IDENTITY (
    SEQUENCE NAME public.owntracks_owntracklog_id_seq
    START WITH 1
    INCREMENT BY 1
    NO MINVALUE
    NO MAXVALUE
    CACHE 1
);


--
-- Name: socialaccount_socialaccount; Type: TABLE; Schema: public; Owner: root
--

CREATE TABLE public.socialaccount_socialaccount (
    id integer NOT NULL,
    provider character varying(200) NOT NULL,
    uid character varying(191) NOT NULL,
    last_login timestamp with time zone NOT NULL,
    date_joined timestamp with time zone NOT NULL,
    extra_data jsonb NOT NULL,
    user_id integer NOT NULL
);


ALTER TABLE public.socialaccount_socialaccount OWNER TO root;

--
-- Name: socialaccount_socialaccount_id_seq; Type: SEQUENCE; Schema: public; Owner: root
--

ALTER TABLE public.socialaccount_socialaccount ALTER COLUMN id ADD GENERATED BY DEFAULT AS IDENTITY (
    SEQUENCE NAME public.socialaccount_socialaccount_id_seq
    START WITH 1
    INCREMENT BY 1
    NO MINVALUE
    NO MAXVALUE
    CACHE 1
);


--
-- Name: socialaccount_socialapp; Type: TABLE; Schema: public; Owner: root
--

CREATE TABLE public.socialaccount_socialapp (
    id integer NOT NULL,
    provider character varying(30) NOT NULL,
    name character varying(40) NOT NULL,
    client_id character varying(191) NOT NULL,
    secret character varying(191) NOT NULL,
    key character varying(191) NOT NULL,
    provider_id character varying(200) NOT NULL,
    settings jsonb NOT NULL
);


ALTER TABLE public.socialaccount_socialapp OWNER TO root;

--
-- Name: socialaccount_socialapp_id_seq; Type: SEQUENCE; Schema: public; Owner: root
--

ALTER TABLE public.socialaccount_socialapp ALTER COLUMN id ADD GENERATED BY DEFAULT AS IDENTITY (
    SEQUENCE NAME public.socialaccount_socialapp_id_seq
    START WITH 1
    INCREMENT BY 1
    NO MINVALUE
    NO MAXVALUE
    CACHE 1
);


--
-- Name: socialaccount_socialapp_sites; Type: TABLE; Schema: public; Owner: root
--

CREATE TABLE public.socialaccount_socialapp_sites (
    id bigint NOT NULL,
    socialapp_id integer NOT NULL,
    site_id integer NOT NULL
);


ALTER TABLE public.socialaccount_socialapp_sites OWNER TO root;

--
-- Name: socialaccount_socialapp_sites_id_seq; Type: SEQUENCE; Schema: public; Owner: root
--

ALTER TABLE public.socialaccount_socialapp_sites ALTER COLUMN id ADD GENERATED BY DEFAULT AS IDENTITY (
    SEQUENCE NAME public.socialaccount_socialapp_sites_id_seq
    START WITH 1
    INCREMENT BY 1
    NO MINVALUE
    NO MAXVALUE
    CACHE 1
);


--
-- Name: socialaccount_socialtoken; Type: TABLE; Schema: public; Owner: root
--

CREATE TABLE public.socialaccount_socialtoken (
    id integer NOT NULL,
    token text NOT NULL,
    token_secret text NOT NULL,
    expires_at timestamp with time zone,
    account_id integer NOT NULL,
    app_id integer
);


ALTER TABLE public.socialaccount_socialtoken OWNER TO root;

--
-- Name: socialaccount_socialtoken_id_seq; Type: SEQUENCE; Schema: public; Owner: root
--

ALTER TABLE public.socialaccount_socialtoken ALTER COLUMN id ADD GENERATED BY DEFAULT AS IDENTITY (
    SEQUENCE NAME public.socialaccount_socialtoken_id_seq
    START WITH 1
    INCREMENT BY 1
    NO MINVALUE
    NO MAXVALUE
    CACHE 1
);


--
-- Name: translate_formatconfig; Type: TABLE; Schema: public; Owner: root
--

CREATE TABLE public.translate_formatconfig (
    id bigint NOT NULL,
    flag character varying(1) NOT NULL,
    show_note boolean NOT NULL,
    show_tag boolean NOT NULL,
    show_time boolean NOT NULL,
    show_uuid boolean NOT NULL,
    show_status boolean NOT NULL,
    show_discount boolean NOT NULL,
    income_template character varying(50),
    owner_id integer NOT NULL,
    commission_template character varying(50),
    currency character varying(24) NOT NULL
);


ALTER TABLE public.translate_formatconfig OWNER TO root;

--
-- Name: translate_formatconfig_id_seq; Type: SEQUENCE; Schema: public; Owner: root
--

ALTER TABLE public.translate_formatconfig ALTER COLUMN id ADD GENERATED BY DEFAULT AS IDENTITY (
    SEQUENCE NAME public.translate_formatconfig_id_seq
    START WITH 1
    INCREMENT BY 1
    NO MINVALUE
    NO MAXVALUE
    CACHE 1
);


--
-- Name: usersessions_usersession; Type: TABLE; Schema: public; Owner: root
--

CREATE TABLE public.usersessions_usersession (
    id bigint NOT NULL,
    created_at timestamp with time zone NOT NULL,
    ip inet NOT NULL,
    last_seen_at timestamp with time zone NOT NULL,
    session_key character varying(40) NOT NULL,
    user_agent character varying(200) NOT NULL,
    data jsonb NOT NULL,
    user_id integer NOT NULL
);


ALTER TABLE public.usersessions_usersession OWNER TO root;

--
-- Name: usersessions_usersession_id_seq; Type: SEQUENCE; Schema: public; Owner: root
--

ALTER TABLE public.usersessions_usersession ALTER COLUMN id ADD GENERATED BY DEFAULT AS IDENTITY (
    SEQUENCE NAME public.usersessions_usersession_id_seq
    START WITH 1
    INCREMENT BY 1
    NO MINVALUE
    NO MAXVALUE
    CACHE 1
);


--
-- Data for Name: account_emailaddress; Type: TABLE DATA; Schema: public; Owner: root
--

COPY public.account_emailaddress (id, email, verified, "primary", user_id) FROM stdin;
\.


--
-- Data for Name: account_emailconfirmation; Type: TABLE DATA; Schema: public; Owner: root
--

COPY public.account_emailconfirmation (id, created, sent, key, email_address_id) FROM stdin;
\.


--
-- Data for Name: auth_group; Type: TABLE DATA; Schema: public; Owner: root
--

COPY public.auth_group (id, name) FROM stdin;
\.


--
-- Data for Name: auth_group_permissions; Type: TABLE DATA; Schema: public; Owner: root
--

COPY public.auth_group_permissions (id, group_id, permission_id) FROM stdin;
\.


--
-- Data for Name: auth_permission; Type: TABLE DATA; Schema: public; Owner: root
--

COPY public.auth_permission (id, name, content_type_id, codename) FROM stdin;
81	Can add 格式配置	21	add_formatconfig
82	Can change 格式配置	21	change_formatconfig
83	Can delete 格式配置	21	delete_formatconfig
84	Can view 格式配置	21	view_formatconfig
1	Can add log entry	1	add_logentry
2	Can change log entry	1	change_logentry
3	Can delete log entry	1	delete_logentry
4	Can view log entry	1	view_logentry
5	Can add permission	2	add_permission
6	Can change permission	2	change_permission
7	Can delete permission	2	delete_permission
8	Can view permission	2	view_permission
9	Can add group	3	add_group
10	Can change group	3	change_group
11	Can delete group	3	delete_group
12	Can view group	3	view_group
13	Can add user	4	add_user
14	Can change user	4	change_user
15	Can delete user	4	delete_user
16	Can view user	4	view_user
17	Can add content type	5	add_contenttype
18	Can change content type	5	change_contenttype
19	Can delete content type	5	delete_contenttype
20	Can view content type	5	view_contenttype
21	Can add session	6	add_session
22	Can change session	6	change_session
23	Can delete session	6	delete_session
24	Can view session	6	view_session
25	Can add site	7	add_site
26	Can change site	7	change_site
27	Can delete site	7	delete_site
28	Can view site	7	view_site
45	Can add Token	12	add_token
29	Can add 资产映射	8	add_assets
30	Can change 资产映射	8	change_assets
31	Can delete 资产映射	8	delete_assets
32	Can view 资产映射	8	view_assets
33	Can add 支出映射	9	add_expense
34	Can change 支出映射	9	change_expense
35	Can delete 支出映射	9	delete_expense
36	Can view 支出映射	9	view_expense
37	Can add 收入映射	10	add_income
38	Can change 收入映射	10	change_income
39	Can delete 收入映射	10	delete_income
40	Can view 收入映射	10	view_income
41	Can add OwnTrackLogs	11	add_owntracklog
42	Can change OwnTrackLogs	11	change_owntracklog
43	Can delete OwnTrackLogs	11	delete_owntracklog
44	Can view OwnTrackLogs	11	view_owntracklog
46	Can change Token	12	change_token
47	Can delete Token	12	delete_token
48	Can view Token	12	view_token
49	Can add Token	13	add_tokenproxy
50	Can change Token	13	change_tokenproxy
51	Can delete Token	13	delete_tokenproxy
52	Can view Token	13	view_tokenproxy
53	Can add email address	14	add_emailaddress
54	Can change email address	14	change_emailaddress
55	Can delete email address	14	delete_emailaddress
56	Can view email address	14	view_emailaddress
57	Can add email confirmation	15	add_emailconfirmation
58	Can change email confirmation	15	change_emailconfirmation
59	Can delete email confirmation	15	delete_emailconfirmation
60	Can view email confirmation	15	view_emailconfirmation
61	Can add social account	16	add_socialaccount
62	Can change social account	16	change_socialaccount
63	Can delete social account	16	delete_socialaccount
64	Can view social account	16	view_socialaccount
65	Can add social application	17	add_socialapp
66	Can change social application	17	change_socialapp
67	Can delete social application	17	delete_socialapp
68	Can view social application	17	view_socialapp
69	Can add social application token	18	add_socialtoken
70	Can change social application token	18	change_socialtoken
71	Can delete social application token	18	delete_socialtoken
72	Can view social application token	18	view_socialtoken
73	Can add authenticator	19	add_authenticator
74	Can change authenticator	19	change_authenticator
75	Can delete authenticator	19	delete_authenticator
76	Can view authenticator	19	view_authenticator
77	Can add user session	20	add_usersession
78	Can change user session	20	change_usersession
79	Can delete user session	20	delete_usersession
80	Can view user session	20	view_usersession
\.


--
-- Data for Name: auth_user; Type: TABLE DATA; Schema: public; Owner: root
--

COPY public.auth_user (id, password, last_login, is_superuser, username, first_name, last_name, email, is_staff, is_active, date_joined) FROM stdin;
1	pbkdf2_sha256$1000000$zd5nRHyLqditybMNn0KsAJ$h2WvyVpug8I+zzuz0xsHjNW20odE+Rbm/TaeVCotrjg=	2025-04-11 23:52:40.667112+00	t	admin				t	t	2024-10-18 08:57:23.83+00
\.


--
-- Data for Name: auth_user_groups; Type: TABLE DATA; Schema: public; Owner: root
--

COPY public.auth_user_groups (id, user_id, group_id) FROM stdin;
\.


--
-- Data for Name: auth_user_user_permissions; Type: TABLE DATA; Schema: public; Owner: root
--

COPY public.auth_user_user_permissions (id, user_id, permission_id) FROM stdin;
\.


--
-- Data for Name: authtoken_token; Type: TABLE DATA; Schema: public; Owner: root
--

COPY public.authtoken_token (key, created, user_id) FROM stdin;
\.


--
-- Data for Name: django_admin_log; Type: TABLE DATA; Schema: public; Owner: root
--

COPY public.django_admin_log (id, action_time, object_id, object_repr, action_flag, change_message, content_type_id, user_id) FROM stdin;
431	2025-03-21 07:05:52.319497+00	51	daihaorui	3		4	1
\.


--
-- Data for Name: django_content_type; Type: TABLE DATA; Schema: public; Owner: root
--

COPY public.django_content_type (id, app_label, model) FROM stdin;
1	admin	logentry
2	auth	permission
3	auth	group
4	auth	user
5	contenttypes	contenttype
6	sessions	session
7	sites	site
8	translate	assets
9	translate	expense
10	translate	income
11	owntracks	owntracklog
12	authtoken	token
13	authtoken	tokenproxy
14	account	emailaddress
15	account	emailconfirmation
16	socialaccount	socialaccount
17	socialaccount	socialapp
18	socialaccount	socialtoken
19	mfa	authenticator
20	usersessions	usersession
21	translate	formatconfig
\.


--
-- Data for Name: django_migrations; Type: TABLE DATA; Schema: public; Owner: root
--

COPY public.django_migrations (id, app, name, applied) FROM stdin;
1	contenttypes	0001_initial	2025-01-10 06:17:06.198715+00
2	auth	0001_initial	2025-01-10 06:17:06.336572+00
3	account	0001_initial	2025-01-10 06:17:06.406228+00
4	account	0002_email_max_length	2025-01-10 06:17:06.42981+00
5	account	0003_alter_emailaddress_create_unique_verified_email	2025-01-10 06:17:06.469029+00
6	account	0004_alter_emailaddress_drop_unique_email	2025-01-10 06:17:06.499274+00
7	account	0005_emailaddress_idx_upper_email	2025-01-10 06:17:06.515617+00
8	account	0006_emailaddress_lower	2025-01-10 06:17:06.536307+00
9	account	0007_emailaddress_idx_email	2025-01-10 06:17:06.566952+00
10	account	0008_emailaddress_unique_primary_email_fixup	2025-01-10 06:17:06.576972+00
11	account	0009_emailaddress_unique_primary_email	2025-01-10 06:17:06.586228+00
12	admin	0001_initial	2025-01-10 06:17:06.611407+00
13	admin	0002_logentry_remove_auto_add	2025-01-10 06:17:06.623754+00
14	admin	0003_logentry_add_action_flag_choices	2025-01-10 06:17:06.633034+00
15	contenttypes	0002_remove_content_type_name	2025-01-10 06:17:06.64387+00
16	auth	0002_alter_permission_name_max_length	2025-01-10 06:17:06.650857+00
17	auth	0003_alter_user_email_max_length	2025-01-10 06:17:06.656627+00
18	auth	0004_alter_user_username_opts	2025-01-10 06:17:06.662213+00
19	auth	0005_alter_user_last_login_null	2025-01-10 06:17:06.668636+00
20	auth	0006_require_contenttypes_0002	2025-01-10 06:17:06.671476+00
21	auth	0007_alter_validators_add_error_messages	2025-01-10 06:17:06.679941+00
22	auth	0008_alter_user_username_max_length	2025-01-10 06:17:06.690767+00
23	auth	0009_alter_user_last_name_max_length	2025-01-10 06:17:06.69779+00
24	auth	0010_alter_group_name_max_length	2025-01-10 06:17:06.704085+00
25	auth	0011_update_proxy_permissions	2025-01-10 06:17:06.711049+00
26	auth	0012_alter_user_first_name_max_length	2025-01-10 06:17:06.716791+00
27	authtoken	0001_initial	2025-01-10 06:17:06.736922+00
28	authtoken	0002_auto_20160226_1747	2025-01-10 06:17:06.762822+00
29	authtoken	0003_tokenproxy	2025-01-10 06:17:06.766162+00
30	authtoken	0004_alter_tokenproxy_options	2025-01-10 06:17:06.771087+00
31	owntracks	0001_initial	2025-01-10 06:17:06.78005+00
32	sessions	0001_initial	2025-01-10 06:17:06.807067+00
33	sites	0001_initial	2025-01-10 06:17:06.816383+00
34	sites	0002_alter_domain_unique	2025-01-10 06:17:06.829996+00
35	socialaccount	0001_initial	2025-01-10 06:17:06.952472+00
36	socialaccount	0002_token_max_lengths	2025-01-10 06:17:06.975317+00
37	socialaccount	0003_extra_data_default_dict	2025-01-10 06:17:06.986362+00
38	socialaccount	0004_app_provider_id_settings	2025-01-10 06:17:06.999465+00
39	socialaccount	0005_socialtoken_nullable_app	2025-01-10 06:17:07.009589+00
40	socialaccount	0006_alter_socialaccount_extra_data	2025-01-10 06:17:07.029238+00
41	translate	0001_initial	2025-01-10 06:17:07.043874+00
42	translate	0002_initial	2025-01-10 06:17:07.072863+00
43	translate	0003_remove_expense_payee_order	2025-01-10 06:17:07.081171+00
44	translate	0004_alter_assets_options_remove_assets_income_and_more	2025-01-10 06:17:07.117467+00
45	translate	0005_remove_expense_classification_remove_expense_tag	2025-01-10 06:17:07.129357+00
46	usersessions	0001_initial	2025-01-10 06:17:07.159266+00
47	translate	0006_formatconfig	2025-03-20 04:50:52.378828+00
48	translate	0007_formatconfig_commission_template	2025-04-11 23:37:36.873676+00
49	translate	0008_alter_formatconfig_commission_template_and_more	2025-04-11 23:37:36.893457+00
50	translate	0009_formatconfig_currency	2025-04-11 23:37:36.908743+00
51	translate	0010_assets_currency	2025-04-11 23:37:36.918916+00
52	translate	0011_remove_assets_currency_expense_currency	2025-04-11 23:37:36.934381+00
53	translate	0012_alter_formatconfig_options_alter_expense_payee	2025-04-11 23:37:36.948958+00
54	translate	0013_assets_enable_expense_enable_income_enable	2025-04-11 23:37:36.972188+00
\.


--
-- Data for Name: django_session; Type: TABLE DATA; Schema: public; Owner: root
--

COPY public.django_session (session_key, session_data, expire_date) FROM stdin;
\.


--
-- Data for Name: django_site; Type: TABLE DATA; Schema: public; Owner: root
--

COPY public.django_site (id, domain, name) FROM stdin;
1	example.com	example.com
2	127.0.0.1	127.0.0.1
3	http://127.0.0.1:8002/	http://127.0.0.1:8002/
4	http://localhost:5173/	http://localhost:5173/
\.


--
-- Data for Name: maps_assets; Type: TABLE DATA; Schema: public; Owner: root
--

COPY public.maps_assets (id, created, modified, key, "full", owner_id, assets, enable) FROM stdin;
178	2025-04-12 00:38:17.296634+00	2025-04-12 00:38:17.296646+00	零钱	微信零钱	1	Assets:Savings:Web:WechatPay	t
179	2025-04-12 00:38:17.302767+00	2025-04-12 00:38:17.302774+00	/	微信零钱	1	Assets:Savings:Web:WechatPay	t
180	2025-04-12 00:38:17.308091+00	2025-04-12 00:38:17.308099+00	8837	中国招商银行储蓄卡(8837)	1	Assets:Savings:Bank:CMB:C8837	t
181	2025-04-12 00:38:17.31394+00	2025-04-12 00:38:17.313948+00	1746	宁波银行储蓄卡(1746)	1	Assets:Savings:Bank:NBCB:C1746	t
182	2025-04-12 00:38:17.318383+00	2025-04-12 00:38:17.31839+00	8273	中国农业银行储蓄卡(8273)	1	Assets:Savings:Bank:ABC:C8273	t
183	2025-04-12 00:38:17.32367+00	2025-04-12 00:38:17.323681+00	7651	中国工商银行储蓄卡(7651)	1	Assets:Savings:Bank:ICBC:C7651	t
184	2025-04-12 00:38:17.328177+00	2025-04-12 00:38:17.328184+00	5244	中国工商银行储蓄卡(5244)	1	Assets:Savings:Bank:ICBC:C5244	t
185	2025-04-12 00:38:17.333315+00	2025-04-12 00:38:17.333327+00	2559	华夏银行储蓄卡(2559)	1	Assets:Savings:Bank:HXB:C2559	t
186	2025-04-12 00:38:17.33708+00	2025-04-12 00:38:17.337091+00	余额宝	支付宝余额宝	1	Assets:Savings:Web:AliFund	t
187	2025-04-12 00:38:17.341184+00	2025-04-12 00:38:17.341196+00	余额	支付宝余额	1	Assets:Savings:Web:AliPay	t
189	2025-04-12 00:38:17.347052+00	2025-04-12 00:38:17.347064+00	账户余额	支付宝余额	1	Assets:Savings:Web:AliPay	t
190	2025-04-12 00:38:17.34969+00	2025-04-12 00:38:17.349707+00	4523	中国招商银行信用卡(4523)	1	Liabilities:CreditCard:Bank:CMB:C4523	t
191	2025-04-12 00:38:17.35306+00	2025-04-12 00:38:17.353085+00	8313	中国招商银行信用卡(8313)	1	Liabilities:CreditCard:Bank:CMB:C8313	t
192	2025-04-12 00:38:17.356731+00	2025-04-12 00:38:17.356752+00	9813	中国招商银行信用卡(9813)	1	Liabilities:CreditCard:Bank:CMB:C9813	t
193	2025-04-12 00:38:17.360177+00	2025-04-12 00:38:17.360195+00	0005	浙江农商银行储蓄卡(0005)	1	Assets:Savings:Bank:ZJRCUB:C0005	t
194	2025-04-12 00:38:17.363407+00	2025-04-12 00:38:17.363427+00	0814	中国银行储蓄卡(0814)	1	Assets:Savings:Bank:BOC:C0814	t
195	2025-04-12 00:38:17.367022+00	2025-04-12 00:38:17.367042+00	4144	中国光大银行储蓄卡(4144)	1	Assets:Savings:Bank:CEB:C4144	t
196	2025-04-12 00:38:17.370673+00	2025-04-12 00:38:17.370701+00	2424	中国工商银行储蓄卡(2424)	1	Assets:Savings:Bank:ICBC:C2424	t
197	2025-04-12 00:38:17.374617+00	2025-04-12 00:38:17.374654+00	4907	中国招商银行储蓄卡(4907)	1	Assets:Savings:Bank:CMB:C4907	t
198	2025-04-12 00:38:17.378419+00	2025-04-12 00:38:17.378443+00	7929	中信银行信用卡(7929)	1	Liabilities:CreditCard:Bank:CITIC:C7929	t
199	2025-04-12 00:38:17.381807+00	2025-04-12 00:38:17.381829+00	2105	中国建设银行储蓄卡(2105)	1	Assets:Savings:Bank:CCB:C2105	t
200	2025-04-12 00:38:17.385752+00	2025-04-12 00:38:17.385776+00	花呗	支付宝花呗	1	Liabilities:CreditCard:Web:AliPay	t
201	2025-04-12 00:38:17.389751+00	2025-04-12 00:38:17.389775+00	借呗	支付宝借呗	1	Liabilities:CreditCard:Web:AliPay	t
202	2025-04-12 00:38:17.393369+00	2025-04-12 00:38:17.393392+00	6428	中信银行信用卡(6428)	1	Liabilities:CreditCard:Bank:CITIC:C6428	t
203	2025-04-12 00:38:17.397197+00	2025-04-12 00:38:17.397217+00	5522	中国建设银行储蓄卡(5522)	1	Assets:Savings:Bank:CCB:C5522	t
204	2025-04-12 00:38:17.400888+00	2025-04-12 00:38:17.400907+00	零钱通	微信零钱通	1	Assets:Savings:Web:WechatFund	t
205	2025-04-12 00:38:17.404639+00	2025-04-12 00:38:17.404663+00	单车骑行卡抵扣	单车骑行卡抵扣	1	Assets:Savings:Recharge:HaLuo	t
206	2025-04-12 00:38:17.408311+00	2025-04-12 00:38:17.408336+00	备用金	支付宝备用金	1	Liabilities:CreditCard:Web:AliPay	t
\.


--
-- Data for Name: maps_expense; Type: TABLE DATA; Schema: public; Owner: root
--

COPY public.maps_expense (id, created, modified, key, payee, expend, owner_id, currency, enable) FROM stdin;
1863	2025-04-12 00:37:35.574875+00	2025-04-12 00:37:35.574891+00	盐选	知乎	Expenses:Culture:Subscription	1		t
1864	2025-04-12 00:37:35.582077+00	2025-04-12 00:37:35.582084+00	透气		Expenses:Shopping:Clothing	1		t
1865	2025-04-12 00:37:35.584405+00	2025-04-12 00:37:35.584411+00	休闲		Expenses:Culture	1		t
1866	2025-04-12 00:37:35.58692+00	2025-04-12 00:37:35.586925+00	课外		Expenses:Culture	1		t
1867	2025-04-12 00:37:35.589299+00	2025-04-12 00:37:35.589307+00	西顿	西顿照明	Expenses:Home:Decoration	1		t
1868	2025-04-12 00:37:35.591412+00	2025-04-12 00:37:35.591416+00	动车		Expenses:TransPort:Public	1		t
1869	2025-04-12 00:37:35.59389+00	2025-04-12 00:37:35.593894+00	农夫山泉	农夫山泉	Expenses:Food:DrinkFruit	1		t
1870	2025-04-12 00:37:35.596273+00	2025-04-12 00:37:35.596277+00	串串		Expenses:Food	1		t
1871	2025-04-12 00:37:35.598557+00	2025-04-12 00:37:35.598562+00	茶饮		Expenses:Food:DrinkFruit	1		t
1872	2025-04-12 00:37:35.600837+00	2025-04-12 00:37:35.600843+00	门票		Expenses:Culture	1		t
1873	2025-04-12 00:37:35.603482+00	2025-04-12 00:37:35.603488+00	高速		Expenses:TransPort:Public	1		t
1874	2025-04-12 00:37:35.606019+00	2025-04-12 00:37:35.606027+00	烤肉		Expenses:Food	1		t
1875	2025-04-12 00:37:35.608559+00	2025-04-12 00:37:35.608565+00	商贸		Expenses:Shopping	1		t
1876	2025-04-12 00:37:35.610716+00	2025-04-12 00:37:35.610721+00	电子商务		Expenses:Shopping	1		t
1877	2025-04-12 00:37:35.612786+00	2025-04-12 00:37:35.61279+00	物业费		Expenses:Home	1		t
1878	2025-04-12 00:37:35.615159+00	2025-04-12 00:37:35.615162+00	医学		Expenses:Health	1		t
1879	2025-04-12 00:37:35.617437+00	2025-04-12 00:37:35.617441+00	英特尔酷睿	英特尔	Expenses:Shopping:Digital	1		t
1880	2025-04-12 00:37:35.61953+00	2025-04-12 00:37:35.619534+00	音乐		Expenses:Culture:Entertainment	1		t
1881	2025-04-12 00:37:35.621832+00	2025-04-12 00:37:35.621841+00	月卡		Expenses:Culture:Subscription	1		t
1882	2025-04-12 00:37:35.624584+00	2025-04-12 00:37:35.624593+00	东方宝石	东方宝石	Expenses:Home:Daily	1		t
1883	2025-04-12 00:37:35.627221+00	2025-04-12 00:37:35.627229+00	保暖		Expenses:Shopping	1		t
1884	2025-04-12 00:37:35.629558+00	2025-04-12 00:37:35.629567+00	故事		Expenses:Culture	1		t
1885	2025-04-12 00:37:35.631949+00	2025-04-12 00:37:35.631959+00	炸酱面		Expenses:Food	1		t
1886	2025-04-12 00:37:35.634774+00	2025-04-12 00:37:35.634785+00	乘车		Expenses:TransPort:Public	1		t
1887	2025-04-12 00:37:35.637532+00	2025-04-12 00:37:35.637544+00	礼品		Expenses:Culture	1		t
1888	2025-04-12 00:37:35.64065+00	2025-04-12 00:37:35.640685+00	丰巢	顺丰	Expenses:Home	1		t
1889	2025-04-12 00:37:35.643925+00	2025-04-12 00:37:35.64394+00	乐园		Expenses:Culture	1		t
1890	2025-04-12 00:37:35.647193+00	2025-04-12 00:37:35.647209+00	燃情伴翅		Expenses:Food	1		t
1891	2025-04-12 00:37:35.650353+00	2025-04-12 00:37:35.65037+00	停泊		Expenses:TransPort:Private:Park	1		t
1892	2025-04-12 00:37:35.653512+00	2025-04-12 00:37:35.653532+00	服务区		Expenses:Shopping	1		t
1893	2025-04-12 00:37:35.657597+00	2025-04-12 00:37:35.657634+00	羊肉粉		Expenses:Food	1		t
1894	2025-04-12 00:37:35.662905+00	2025-04-12 00:37:35.662945+00	海豹		Expenses:TransPort:Private	1		t
1895	2025-04-12 00:37:35.667798+00	2025-04-12 00:37:35.667845+00	当当网		Expenses:Culture	1		t
1896	2025-04-12 00:37:35.671623+00	2025-04-12 00:37:35.671642+00	家庭装		Expenses:Home:Daily	1		t
1897	2025-04-12 00:37:35.676517+00	2025-04-12 00:37:35.676568+00	德佑	德佑	Expenses:Home:Daily	1		t
1898	2025-04-12 00:37:35.682732+00	2025-04-12 00:37:35.682763+00	便携		Expenses:Shopping	1		t
1899	2025-04-12 00:37:35.687248+00	2025-04-12 00:37:35.687298+00	阿斯兰票务		Expenses:TransPort:Public	1		t
1900	2025-04-12 00:37:35.692061+00	2025-04-12 00:37:35.6921+00	冰粉		Expenses:Food	1		t
1901	2025-04-12 00:37:35.696209+00	2025-04-12 00:37:35.696221+00	旅客		Expenses:TransPort:Public	1		t
1902	2025-04-12 00:37:35.699032+00	2025-04-12 00:37:35.699042+00	货拉拉	货拉拉	Expenses:Home	1		t
1903	2025-04-12 00:37:35.701757+00	2025-04-12 00:37:35.701767+00	造型		Expenses:Shopping:Makeup	1		t
1904	2025-04-12 00:37:35.704271+00	2025-04-12 00:37:35.704282+00	凉皮		Expenses:Food	1		t
1905	2025-04-12 00:37:35.707804+00	2025-04-12 00:37:35.707827+00	电信	中国电信	Assets:Savings:Recharge:Operator:Telecom:C6428	1	COIN	t
1906	2025-04-12 00:37:35.71139+00	2025-04-12 00:37:35.71141+00	全民K歌		Expenses:Culture:Entertainment	1		t
1907	2025-04-12 00:37:35.714836+00	2025-04-12 00:37:35.714856+00	美团外卖	美团	Expenses:Food	1		t
1908	2025-04-12 00:37:35.718004+00	2025-04-12 00:37:35.718022+00	泊车		Expenses:TransPort:Private:Park	1		t
1909	2025-04-12 00:37:35.721488+00	2025-04-12 00:37:35.721507+00	煎饼		Expenses:Food	1		t
1910	2025-04-12 00:37:35.725351+00	2025-04-12 00:37:35.725382+00	手抓饼		Expenses:Food	1		t
1911	2025-04-12 00:37:35.729035+00	2025-04-12 00:37:35.729057+00	比亚迪		Expenses:TransPort:Private	1		t
1912	2025-04-12 00:37:35.732284+00	2025-04-12 00:37:35.732307+00	中国移动	中国移动	Assets:Savings:Recharge:Operator:Mobile:C6428	1	COIN	t
1913	2025-04-12 00:37:35.73598+00	2025-04-12 00:37:35.736007+00	云视听		Expenses:Culture:Entertainment	1		t
1914	2025-04-12 00:37:35.739882+00	2025-04-12 00:37:35.739913+00	南极人	南极人	Expenses:Shopping:Clothing	1		t
1915	2025-04-12 00:37:35.74419+00	2025-04-12 00:37:35.744223+00	韩版		Expenses:Shopping:Clothing	1		t
1916	2025-04-12 00:37:35.747824+00	2025-04-12 00:37:35.747848+00	家用		Expenses:Home	1		t
1917	2025-04-12 00:37:35.752643+00	2025-04-12 00:37:35.75267+00	美团	美团	Expenses:Culture	1		t
1918	2025-04-12 00:37:35.757633+00	2025-04-12 00:37:35.757657+00	水杯		Expenses:Shopping	1		t
1919	2025-04-12 00:37:35.76179+00	2025-04-12 00:37:35.761822+00	凉粉		Expenses:Food	1		t
1920	2025-04-12 00:37:35.765751+00	2025-04-12 00:37:35.765777+00	店		Expenses:Shopping	1		t
1921	2025-04-12 00:37:35.769299+00	2025-04-12 00:37:35.769323+00	飞猪	飞猪	Expenses:Home	1		t
1922	2025-04-12 00:37:35.772569+00	2025-04-12 00:37:35.772597+00	通讯		Expenses:Shopping	1		t
1923	2025-04-12 00:37:35.776714+00	2025-04-12 00:37:35.776738+00	抖音团购		Expenses:Food	1		t
1924	2025-04-12 00:37:35.78027+00	2025-04-12 00:37:35.78029+00	交通		Expenses:TransPort:Public	1		t
1925	2025-04-12 00:37:35.783643+00	2025-04-12 00:37:35.783664+00	电器		Expenses:Shopping:Digital	1		t
1926	2025-04-12 00:37:35.786753+00	2025-04-12 00:37:35.786773+00	物业		Expenses:Home	1		t
1927	2025-04-12 00:37:35.791332+00	2025-04-12 00:37:35.79138+00	石化		Expenses:TransPort:Private:Fuel	1		t
1928	2025-04-12 00:37:35.796599+00	2025-04-12 00:37:35.796632+00	浙江移动	中国移动	Assets:Savings:Recharge:Operator:Mobile:C6428	1	COIN	t
1929	2025-04-12 00:37:35.800702+00	2025-04-12 00:37:35.800729+00	沙县小吃	沙县小吃	Expenses:Food	1		t
1930	2025-04-12 00:37:35.804042+00	2025-04-12 00:37:35.804066+00	预调酒		Expenses:Food:DrinkFruit	1		t
1931	2025-04-12 00:37:35.807977+00	2025-04-12 00:37:35.808008+00	蜜雪冰城	蜜雪冰城	Expenses:Food:DrinkFruit	1		t
1932	2025-04-12 00:37:35.812313+00	2025-04-12 00:37:35.812338+00	停车		Expenses:TransPort:Private:Park	1		t
1933	2025-04-12 00:37:35.81616+00	2025-04-12 00:37:35.816183+00	浙C		Expenses:TransPort:Private:Park	1		t
1934	2025-04-12 00:37:35.819493+00	2025-04-12 00:37:35.819514+00	鲜花		Expenses:Culture	1		t
1935	2025-04-12 00:37:35.823501+00	2025-04-12 00:37:35.823535+00	古茗	古茗	Expenses:Food:DrinkFruit	1		t
1936	2025-04-12 00:37:35.827724+00	2025-04-12 00:37:35.82775+00	益味坊	益味坊	Expenses:Food:Breakfast	1		t
1937	2025-04-12 00:37:35.83171+00	2025-04-12 00:37:35.831738+00	塔斯汀	塔斯汀	Expenses:Food	1		t
1938	2025-04-12 00:37:35.835131+00	2025-04-12 00:37:35.835154+00	十足	十足	Expenses:Food	1		t
1939	2025-04-12 00:37:35.839101+00	2025-04-12 00:37:35.839159+00	一点点	一点点	Expenses:Food:DrinkFruit	1		t
1940	2025-04-12 00:37:35.843151+00	2025-04-12 00:37:35.843172+00	luckin	瑞幸	Expenses:Food:DrinkFruit	1		t
1941	2025-04-12 00:37:35.846845+00	2025-04-12 00:37:35.846864+00	娘娘大人	娘娘大人	Expenses:Food	1		t
1942	2025-04-12 00:37:35.850072+00	2025-04-12 00:37:35.850082+00	老婆大人	老婆大人	Assets:Savings:Recharge:LaoPoDaRen	1	COIN	t
1943	2025-04-12 00:37:35.85245+00	2025-04-12 00:37:35.852472+00	茶百道	茶百道	Expenses:Food:DrinkFruit	1		t
1944	2025-04-12 00:37:35.855322+00	2025-04-12 00:37:35.85533+00	京东	京东	Expenses:Shopping	1		t
1945	2025-04-12 00:37:35.858173+00	2025-04-12 00:37:35.858182+00	包月		Expenses:Culture:Subscription	1		t
1946	2025-04-12 00:37:35.861113+00	2025-04-12 00:37:35.861133+00	正新鸡排	正新鸡排	Expenses:Food	1		t
1947	2025-04-12 00:37:35.863918+00	2025-04-12 00:37:35.863937+00	奇虎智能	360	Expenses:Shopping:Digital	1		t
1948	2025-04-12 00:37:35.866998+00	2025-04-12 00:37:35.867011+00	Petal On	华为	Expenses:Culture:Subscription	1		t
1949	2025-04-12 00:37:35.869787+00	2025-04-12 00:37:35.869798+00	药房		Expenses:Health:Medical	1		t
1950	2025-04-12 00:37:35.872696+00	2025-04-12 00:37:35.872715+00	药店		Expenses:Health:Medical	1		t
1952	2025-04-12 00:37:35.879507+00	2025-04-12 00:37:35.879523+00	餐饮		Expenses:Food	1		t
1953	2025-04-12 00:37:35.882784+00	2025-04-12 00:37:35.882801+00	食品		Expenses:Food	1		t
1954	2025-04-12 00:37:35.886058+00	2025-04-12 00:37:35.886077+00	早餐		Expenses:Food:Breakfast	1		t
1955	2025-04-12 00:37:35.889238+00	2025-04-12 00:37:35.889267+00	充电		Expenses:TransPort:Private:Fuel	1		t
1956	2025-04-12 00:37:35.893651+00	2025-04-12 00:37:35.893677+00	加油		Expenses:TransPort:Private:Fuel	1		t
1957	2025-04-12 00:37:35.897544+00	2025-04-12 00:37:35.897566+00	供电局	国家电网	Expenses:Home:Recharge	1		t
1958	2025-04-12 00:37:35.901674+00	2025-04-12 00:37:35.901722+00	ETC		Expenses:TransPort:Public	1		t
1959	2025-04-12 00:37:35.905766+00	2025-04-12 00:37:35.905818+00	华为终端有限公司	华为	Expenses:Shopping:Digital	1		t
1960	2025-04-12 00:37:35.910078+00	2025-04-12 00:37:35.910113+00	饿了么	饿了么	Expenses:Food	1		t
1961	2025-04-12 00:37:35.913928+00	2025-04-12 00:37:35.91395+00	美团平台商户	美团	Expenses:Food	1		t
1962	2025-04-12 00:37:35.917494+00	2025-04-12 00:37:35.91752+00	地铁		Expenses:TransPort:Public	1		t
1963	2025-04-12 00:37:35.921084+00	2025-04-12 00:37:35.921108+00	国网智慧车联网	国家电网	Expenses:TransPort:Private:Fuel	1		t
1964	2025-04-12 00:37:35.924783+00	2025-04-12 00:37:35.924813+00	肯德基	肯德基	Expenses:Food	1		t
1965	2025-04-12 00:37:35.928541+00	2025-04-12 00:37:35.928566+00	华为	华为	Expenses:Shopping	1		t
1966	2025-04-12 00:37:35.932021+00	2025-04-12 00:37:35.932042+00	大疆	大疆	Expenses:Shopping:Digital	1		t
1967	2025-04-12 00:37:35.935237+00	2025-04-12 00:37:35.935261+00	12306	12306	Expenses:TransPort:Public	1		t
1968	2025-04-12 00:37:35.938964+00	2025-04-12 00:37:35.938984+00	阿里云	阿里云	Expenses:Culture:Subscription	1		t
1969	2025-04-12 00:37:35.943319+00	2025-04-12 00:37:35.943349+00	火车票		Expenses:TransPort:Public	1		t
1970	2025-04-12 00:37:35.947155+00	2025-04-12 00:37:35.947178+00	高铁		Expenses:TransPort:Public	1		t
1971	2025-04-12 00:37:35.950491+00	2025-04-12 00:37:35.950511+00	机票		Expenses:TransPort:Public	1		t
1972	2025-04-12 00:37:35.954255+00	2025-04-12 00:37:35.954282+00	医疗		Expenses:Health:Outpatient	1		t
1973	2025-04-12 00:37:35.957965+00	2025-04-12 00:37:35.95799+00	医生		Expenses:Health:Outpatient	1		t
1974	2025-04-12 00:37:35.961294+00	2025-04-12 00:37:35.961315+00	医用		Expenses:Health:Outpatient	1		t
1975	2025-04-12 00:37:35.964933+00	2025-04-12 00:37:35.964951+00	小吃		Expenses:Food	1		t
1976	2025-04-12 00:37:35.968436+00	2025-04-12 00:37:35.96846+00	餐厅		Expenses:Food	1		t
1977	2025-04-12 00:37:35.971884+00	2025-04-12 00:37:35.971904+00	小食		Expenses:Food	1		t
1978	2025-04-12 00:37:35.975237+00	2025-04-12 00:37:35.97526+00	旗舰店	淘宝	Expenses:Shopping	1		t
1979	2025-04-12 00:37:35.979278+00	2025-04-12 00:37:35.979299+00	粮粮驾到	粮粮驾到	Assets:Savings:Recharge:LiangLiangJiaDao	1	COIN	t
1980	2025-04-12 00:37:35.983061+00	2025-04-12 00:37:35.983085+00	中国石油	中国石油	Expenses:TransPort:Private:Fuel	1		t
1981	2025-04-12 00:37:35.986736+00	2025-04-12 00:37:35.986759+00	酒店		Expenses:Culture	1		t
1982	2025-04-12 00:37:35.990416+00	2025-04-12 00:37:35.990446+00	高德	高德	Expenses:TransPort:Public	1		t
1983	2025-04-12 00:37:35.994548+00	2025-04-12 00:37:35.994573+00	烟酒		Expenses:Food:DrinkFruit	1		t
1984	2025-04-12 00:37:35.998249+00	2025-04-12 00:37:35.998269+00	理发		Expenses:Shopping:Makeup	1		t
1985	2025-04-12 00:37:36.001974+00	2025-04-12 00:37:36.002005+00	美发		Expenses:Shopping:Makeup	1		t
1986	2025-04-12 00:37:36.005512+00	2025-04-12 00:37:36.005537+00	美容		Expenses:Shopping:Makeup	1		t
1987	2025-04-12 00:37:36.009482+00	2025-04-12 00:37:36.009507+00	果味酒		Expenses:Food:DrinkFruit	1		t
1988	2025-04-12 00:37:36.013492+00	2025-04-12 00:37:36.013513+00	华莱士	华莱士	Expenses:Food	1		t
1989	2025-04-12 00:37:36.017062+00	2025-04-12 00:37:36.017081+00	晚餐		Expenses:Food:Dinner	1		t
1990	2025-04-12 00:37:36.020226+00	2025-04-12 00:37:36.020246+00	午餐		Expenses:Food:Lunch	1		t
1991	2025-04-12 00:37:36.024178+00	2025-04-12 00:37:36.024209+00	鸡尾酒		Expenses:Food:DrinkFruit	1		t
1992	2025-04-12 00:37:36.028167+00	2025-04-12 00:37:36.028192+00	一鸣	一鸣	Expenses:Food	1		t
1993	2025-04-12 00:37:36.031668+00	2025-04-12 00:37:36.031689+00	之上	之上	Expenses:Food	1		t
1994	2025-04-12 00:37:36.034855+00	2025-04-12 00:37:36.03488+00	水果		Expenses:Food:DrinkFruit	1		t
1995	2025-04-12 00:37:36.038413+00	2025-04-12 00:37:36.038435+00	会员		Expenses:Culture:Subscription	1		t
1996	2025-04-12 00:37:36.042162+00	2025-04-12 00:37:36.042191+00	运动		Expenses:Culture	1		t
1997	2025-04-12 00:37:36.046247+00	2025-04-12 00:37:36.046275+00	纯棉		Expenses:Shopping	1		t
1998	2025-04-12 00:37:36.049858+00	2025-04-12 00:37:36.049887+00	润肤		Expenses:Shopping:Makeup	1		t
1999	2025-04-12 00:37:36.053839+00	2025-04-12 00:37:36.053868+00	杯子		Expenses:Shopping	1		t
2000	2025-04-12 00:37:36.058127+00	2025-04-12 00:37:36.058155+00	小郡肝		Expenses:Food	1		t
2001	2025-04-12 00:37:36.062218+00	2025-04-12 00:37:36.062247+00	新时沏	新时沏	Expenses:Food:DrinkFruit	1		t
2002	2025-04-12 00:37:36.066128+00	2025-04-12 00:37:36.066151+00	得物	得物	Expenses:Shopping:Clothing	1		t
2003	2025-04-12 00:37:36.069797+00	2025-04-12 00:37:36.069814+00	拼多多	拼多多	Expenses:Shopping	1		t
2004	2025-04-12 00:37:36.073359+00	2025-04-12 00:37:36.073383+00	深圳市腾讯计算机系统有限公司	腾讯	Expenses:Culture	1		t
2005	2025-04-12 00:37:36.077102+00	2025-04-12 00:37:36.077131+00	胖哥俩	胖哥俩	Expenses:Food	1		t
2006	2025-04-12 00:37:36.08072+00	2025-04-12 00:37:36.080748+00	服装		Expenses:Shopping:Clothing	1		t
2007	2025-04-12 00:37:36.084678+00	2025-04-12 00:37:36.084707+00	衣服		Expenses:Shopping:Clothing	1		t
2008	2025-04-12 00:37:36.088496+00	2025-04-12 00:37:36.088524+00	裤子		Expenses:Shopping:Clothing	1		t
2009	2025-04-12 00:37:36.09228+00	2025-04-12 00:37:36.092309+00	鞋子		Expenses:Shopping:Clothing	1		t
2010	2025-04-12 00:37:36.096019+00	2025-04-12 00:37:36.096049+00	袜子		Expenses:Shopping:Clothing	1		t
2011	2025-04-12 00:37:36.100176+00	2025-04-12 00:37:36.10021+00	华为软件技术有限公司	华为	Expenses:Culture:Subscription	1		t
2012	2025-04-12 00:37:36.104174+00	2025-04-12 00:37:36.104206+00	淘宝	淘宝	Expenses:Shopping	1		t
2013	2025-04-12 00:37:36.108078+00	2025-04-12 00:37:36.108107+00	医保		Expenses:Health:Outpatient	1		t
2014	2025-04-12 00:37:36.111363+00	2025-04-12 00:37:36.111383+00	自动续费		Expenses:Culture:Subscription	1		t
2015	2025-04-12 00:37:36.114909+00	2025-04-12 00:37:36.11493+00	诊疗		Expenses:Health:Outpatient	1		t
2016	2025-04-12 00:37:36.118431+00	2025-04-12 00:37:36.118453+00	卫生		Expenses:Health:Outpatient	1		t
2017	2025-04-12 00:37:36.121734+00	2025-04-12 00:37:36.121752+00	洋酒		Expenses:Food:DrinkFruit	1		t
2018	2025-04-12 00:37:36.125003+00	2025-04-12 00:37:36.125029+00	彩票		Expenses:Culture	1		t
2019	2025-04-12 00:37:36.12879+00	2025-04-12 00:37:36.128812+00	超市		Expenses:Shopping	1		t
2020	2025-04-12 00:37:36.132407+00	2025-04-12 00:37:36.13243+00	大润发		Expenses:Shopping	1		t
2021	2025-04-12 00:37:36.135868+00	2025-04-12 00:37:36.135889+00	便利店		Expenses:Shopping	1		t
2022	2025-04-12 00:37:36.138968+00	2025-04-12 00:37:36.138993+00	兰州拉面	兰州拉面	Expenses:Food	1		t
2023	2025-04-12 00:37:36.142931+00	2025-04-12 00:37:36.142953+00	供水	国家水网	Expenses:Home:Recharge	1		t
2024	2025-04-12 00:37:36.146586+00	2025-04-12 00:37:36.146606+00	绝味鸭脖	绝味鸭脖	Expenses:Food	1		t
2025	2025-04-12 00:37:36.14994+00	2025-04-12 00:37:36.14996+00	舒活食品	一鸣	Assets:Savings:Recharge:YiMing	1	COIN	t
2026	2025-04-12 00:37:36.152937+00	2025-04-12 00:37:36.152955+00	抖音生活服务	抖音	Expenses:Food	1		t
2027	2025-04-12 00:37:36.15669+00	2025-04-12 00:37:36.156717+00	医药		Expenses:Health:Outpatient	1		t
2028	2025-04-12 00:37:36.160552+00	2025-04-12 00:37:36.160578+00	饮料		Expenses:Food:DrinkFruit	1		t
2029	2025-04-12 00:37:36.164376+00	2025-04-12 00:37:36.164398+00	抖音月付	抖音	Liabilities:CreditCard:Web:DouYin	1		t
2030	2025-04-12 00:37:36.167801+00	2025-04-12 00:37:36.167821+00	公益		Expenses:Culture	1		t
2031	2025-04-12 00:37:36.171029+00	2025-04-12 00:37:36.171049+00	等多件		Expenses:Shopping	1		t
2032	2025-04-12 00:37:36.174817+00	2025-04-12 00:37:36.174842+00	喜茶	喜茶	Expenses:Food:DrinkFruit	1		t
2034	2025-04-12 00:37:36.182911+00	2025-04-12 00:37:36.182949+00	倍耐力		Expenses:TransPort:Private	1		t
2035	2025-04-12 00:37:36.186546+00	2025-04-12 00:37:36.186573+00	娱乐		Expenses:Culture:Entertainment	1		t
2036	2025-04-12 00:37:36.190483+00	2025-04-12 00:37:36.19051+00	上海拉扎斯信息科技有限公司	饿了么	Expenses:Food	1		t
2037	2025-04-12 00:37:36.194296+00	2025-04-12 00:37:36.194318+00	夜宵		Expenses:Food:Dinner	1		t
2038	2025-04-12 00:37:36.19775+00	2025-04-12 00:37:36.19777+00	打车		Expenses:TransPort:Public	1		t
2039	2025-04-12 00:37:36.200969+00	2025-04-12 00:37:36.200993+00	抖音电商	抖音	Expenses:Shopping	1		t
2040	2025-04-12 00:37:36.204625+00	2025-04-12 00:37:36.204649+00	商城		Expenses:Shopping	1		t
2041	2025-04-12 00:37:36.208433+00	2025-04-12 00:37:36.208457+00	保险		Expenses:Finance:Insurance	1		t
2042	2025-04-12 00:37:36.212436+00	2025-04-12 00:37:36.212494+00	寄件		Expenses:Home	1		t
2043	2025-04-12 00:37:36.21615+00	2025-04-12 00:37:36.216175+00	书店		Expenses:Culture	1		t
2044	2025-04-12 00:37:36.220116+00	2025-04-12 00:37:36.220142+00	外卖		Expenses:Food	1		t
2045	2025-04-12 00:37:36.224166+00	2025-04-12 00:37:36.224189+00	滴滴出行		Expenses:TransPort:Public	1		t
2046	2025-04-12 00:37:36.22794+00	2025-04-12 00:37:36.227966+00	公交		Expenses:TransPort:Public	1		t
2047	2025-04-12 00:37:36.231535+00	2025-04-12 00:37:36.231561+00	航空		Expenses:TransPort:Public	1		t
2048	2025-04-12 00:37:36.235407+00	2025-04-12 00:37:36.235429+00	储值		Assets:Savings:Recharge	1	COIN	t
2049	2025-04-12 00:37:36.23905+00	2025-04-12 00:37:36.239072+00	出行		Expenses:TransPort:Public	1		t
2050	2025-04-12 00:37:36.243027+00	2025-04-12 00:37:36.243052+00	下午茶		Expenses:Food	1		t
2051	2025-04-12 00:37:36.246366+00	2025-04-12 00:37:36.246387+00	食物		Expenses:Food	1		t
2052	2025-04-12 00:37:36.249882+00	2025-04-12 00:37:36.249905+00	午饭		Expenses:Food:Lunch	1		t
2053	2025-04-12 00:37:36.253239+00	2025-04-12 00:37:36.25326+00	晚饭		Expenses:Food:Dinner	1		t
2054	2025-04-12 00:37:36.256782+00	2025-04-12 00:37:36.256811+00	早饭		Expenses:Food:Breakfast	1		t
2055	2025-04-12 00:37:36.260356+00	2025-04-12 00:37:36.26038+00	水费	国家水网	Expenses:Home:Recharge	1		t
2056	2025-04-12 00:37:36.264262+00	2025-04-12 00:37:36.264286+00	电费	国家电网	Expenses:Home:Recharge	1		t
2057	2025-04-12 00:37:36.268156+00	2025-04-12 00:37:36.268184+00	物流		Expenses:Home	1		t
2058	2025-04-12 00:37:36.272034+00	2025-04-12 00:37:36.272059+00	快递		Expenses:Home	1		t
2059	2025-04-12 00:37:36.275634+00	2025-04-12 00:37:36.275657+00	速递		Expenses:Home	1		t
2060	2025-04-12 00:37:36.279728+00	2025-04-12 00:37:36.279753+00	App Store		Expenses:Culture:Subscription	1		t
2061	2025-04-12 00:37:36.283628+00	2025-04-12 00:37:36.283653+00	饭店		Expenses:Food	1		t
2062	2025-04-12 00:37:36.287515+00	2025-04-12 00:37:36.28754+00	面馆		Expenses:Food	1		t
2063	2025-04-12 00:37:36.290962+00	2025-04-12 00:37:36.290986+00	服饰		Expenses:Shopping:Clothing	1		t
2064	2025-04-12 00:37:36.294876+00	2025-04-12 00:37:36.294909+00	METRO		Expenses:TransPort:Public	1		t
2065	2025-04-12 00:37:36.2989+00	2025-04-12 00:37:36.298929+00	食堂		Expenses:Food	1		t
2066	2025-04-12 00:37:36.302741+00	2025-04-12 00:37:36.302764+00	生活缴费		Expenses:Home	1		t
2067	2025-04-12 00:37:36.305979+00	2025-04-12 00:37:36.306+00	速运		Expenses:Home	1		t
2068	2025-04-12 00:37:36.309567+00	2025-04-12 00:37:36.309586+00	跑腿		Expenses:Home	1		t
2069	2025-04-12 00:37:36.312983+00	2025-04-12 00:37:36.313002+00	霸王茶姬	霸王茶姬	Expenses:Food:DrinkFruit	1		t
2070	2025-04-12 00:37:36.316249+00	2025-04-12 00:37:36.316268+00	中医		Expenses:Health:Outpatient	1		t
2071	2025-04-12 00:37:36.319298+00	2025-04-12 00:37:36.31932+00	理疗		Expenses:Health:Outpatient	1		t
2072	2025-04-12 00:37:36.322782+00	2025-04-12 00:37:36.322801+00	肉粉馆		Expenses:Food	1		t
2073	2025-04-12 00:37:36.326642+00	2025-04-12 00:37:36.326669+00	蛋糕	蛋糕	Expenses:Food	1		t
2074	2025-04-12 00:37:36.330367+00	2025-04-12 00:37:36.330394+00	联通	中国联通	Assets:Savings:Recharge:Operator:Unicom:C6428	1	COIN	t
2075	2025-04-12 00:37:36.333871+00	2025-04-12 00:37:36.333898+00	增值服务		Expenses:Culture:Subscription	1		t
2076	2025-04-12 00:37:36.337836+00	2025-04-12 00:37:36.337864+00	购物		Expenses:Shopping	1		t
2077	2025-04-12 00:37:36.341713+00	2025-04-12 00:37:36.341741+00	药业		Expenses:Health:Medical	1		t
2078	2025-04-12 00:37:36.345434+00	2025-04-12 00:37:36.345462+00	药品		Expenses:Health:Medical	1		t
2079	2025-04-12 00:37:36.348962+00	2025-04-12 00:37:36.34899+00	牙膏		Expenses:Home:Daily	1		t
2080	2025-04-12 00:37:36.353076+00	2025-04-12 00:37:36.353104+00	运费		Expenses:Home	1		t
2081	2025-04-12 00:37:36.357034+00	2025-04-12 00:37:36.357062+00	税务		Expenses:Government	1		t
2082	2025-04-12 00:37:36.360824+00	2025-04-12 00:37:36.360852+00	充值		Expenses:Home:Recharge	1		t
2083	2025-04-12 00:37:36.364288+00	2025-04-12 00:37:36.364315+00	订阅		Expenses:Culture:Subscription	1		t
2084	2025-04-12 00:37:36.368213+00	2025-04-12 00:37:36.36824+00	轮胎		Expenses:TransPort:Private	1		t
2085	2025-04-12 00:37:36.372052+00	2025-04-12 00:37:36.372079+00	服饰鞋包		Expenses:Shopping:Clothing	1		t
2086	2025-04-12 00:37:36.375987+00	2025-04-12 00:37:36.376015+00	数码电器		Expenses:Shopping:Digital	1		t
2087	2025-04-12 00:37:36.379619+00	2025-04-12 00:37:36.379647+00	美容美发		Expenses:Shopping:Makeup	1		t
2088	2025-04-12 00:37:36.383592+00	2025-04-12 00:37:36.383619+00	母婴亲子		Expenses:Shopping:Parent	1		t
2089	2025-04-12 00:37:36.387467+00	2025-04-12 00:37:36.387496+00	日用百货		Expenses:Home:Daily	1		t
2090	2025-04-12 00:37:36.391328+00	2025-04-12 00:37:36.391355+00	深圳市腾讯天游科技有限公司	腾讯	Expenses:Culture:Entertainment	1		t
2091	2025-04-12 00:37:36.394814+00	2025-04-12 00:37:36.394842+00	挂号		Expenses:Health:Outpatient	1		t
2092	2025-04-12 00:37:36.398762+00	2025-04-12 00:37:36.39879+00	体检		Expenses:Health:Outpatient	1		t
2093	2025-04-12 00:37:36.402713+00	2025-04-12 00:37:36.402739+00	燃气	瑞安市新奥燃气有限公司	Expenses:Home:Recharge	1		t
2094	2025-04-12 00:37:36.407407+00	2025-04-12 00:37:36.407449+00	装修		Expenses:Home:Decoration	1		t
2095	2025-04-12 00:37:36.411918+00	2025-04-12 00:37:36.411958+00	科沃斯	科沃斯	Expenses:Shopping:Digital	1		t
2096	2025-04-12 00:37:36.416197+00	2025-04-12 00:37:36.416217+00	机器人		Expenses:Shopping:Digital	1		t
2097	2025-04-12 00:37:36.419269+00	2025-04-12 00:37:36.419278+00	路由器		Expenses:Shopping:Digital	1		t
2098	2025-04-12 00:37:36.42182+00	2025-04-12 00:37:36.421825+00	批发		Expenses:Shopping	1		t
2099	2025-04-12 00:37:36.423967+00	2025-04-12 00:37:36.423973+00	小卖部		Expenses:Shopping	1		t
2100	2025-04-12 00:37:36.426577+00	2025-04-12 00:37:36.426581+00	烧烤		Expenses:Food	1		t
2101	2025-04-12 00:37:36.428994+00	2025-04-12 00:37:36.428998+00	排档		Expenses:Food	1		t
2102	2025-04-12 00:37:36.431339+00	2025-04-12 00:37:36.431343+00	洗面奶		Expenses:Shopping:Makeup	1		t
2103	2025-04-12 00:37:36.433381+00	2025-04-12 00:37:36.433385+00	婴儿		Expenses:Shopping:Parent	1		t
2104	2025-04-12 00:37:36.435842+00	2025-04-12 00:37:36.435845+00	新生儿		Expenses:Shopping:Parent	1		t
2105	2025-04-12 00:37:36.438232+00	2025-04-12 00:37:36.438238+00	宝宝		Expenses:Shopping:Parent	1		t
2106	2025-04-12 00:37:36.440557+00	2025-04-12 00:37:36.440562+00	狂欢价		Expenses:Shopping	1		t
2107	2025-04-12 00:37:36.442701+00	2025-04-12 00:37:36.442708+00	文具		Expenses:Culture	1		t
2108	2025-04-12 00:37:36.445336+00	2025-04-12 00:37:36.445343+00	借出		Assets:Receivables:Personal	1		t
2109	2025-04-12 00:37:36.447966+00	2025-04-12 00:37:36.447974+00	六贤记	六贤记	Assets:Savings:Recharge:LiuXianJi	1	COIN	t
2110	2025-04-12 00:37:36.450632+00	2025-04-12 00:37:36.450643+00	公共交通		Expenses:TransPort:Public	1		t
2111	2025-04-12 00:37:36.453149+00	2025-04-12 00:37:36.453163+00	美团订单	美团	Expenses:Food	1		t
2112	2025-04-12 00:37:36.45618+00	2025-04-12 00:37:36.456201+00	早教		Expenses:Shopping:Parent	1		t
2113	2025-04-12 00:37:36.459612+00	2025-04-12 00:37:36.459632+00	玩具		Expenses:Shopping:Parent	1		t
2114	2025-04-12 00:37:36.462968+00	2025-04-12 00:37:36.462991+00	新生		Expenses:Shopping:Parent	1		t
2115	2025-04-12 00:37:36.466156+00	2025-04-12 00:37:36.466177+00	益智		Expenses:Shopping:Parent	1		t
2116	2025-04-12 00:37:36.469626+00	2025-04-12 00:37:36.469645+00	贝亲	贝亲	Expenses:Shopping:Parent	1		t
2117	2025-04-12 00:37:36.472971+00	2025-04-12 00:37:36.472998+00	便利		Expenses:Shopping	1		t
2118	2025-04-12 00:37:36.476398+00	2025-04-12 00:37:36.476418+00	可口可乐	江苏太古可口可乐饮料有限公司	Expenses:Food:DrinkFruit	1		t
2119	2025-04-12 00:37:36.479484+00	2025-04-12 00:37:36.479502+00	爱奇艺	爱奇艺	Expenses:Culture:Subscription	1		t
2120	2025-04-12 00:37:36.483403+00	2025-04-12 00:37:36.48343+00	大衣		Expenses:Shopping:Clothing	1		t
2121	2025-04-12 00:37:36.487274+00	2025-04-12 00:37:36.487303+00	汉堡		Expenses:Food	1		t
2122	2025-04-12 00:37:36.490952+00	2025-04-12 00:37:36.490976+00	光明	光明	Expenses:Food:DrinkFruit	1		t
2123	2025-04-12 00:37:36.494407+00	2025-04-12 00:37:36.494437+00	轨道交通		Expenses:TransPort:Public	1		t
2124	2025-04-12 00:37:36.49779+00	2025-04-12 00:37:36.497815+00	酸奶		Expenses:Food:DrinkFruit	1		t
2125	2025-04-12 00:37:36.501277+00	2025-04-12 00:37:36.501298+00	淮南牛肉汤		Expenses:Food	1		t
2126	2025-04-12 00:37:36.504744+00	2025-04-12 00:37:36.504769+00	短裤		Expenses:Shopping:Clothing	1		t
2127	2025-04-12 00:37:36.508216+00	2025-04-12 00:37:36.50824+00	温州店		Expenses:Shopping	1		t
2128	2025-04-12 00:37:36.511503+00	2025-04-12 00:37:36.511532+00	肠粉		Expenses:Food	1		t
2129	2025-04-12 00:37:36.51662+00	2025-04-12 00:37:36.516641+00	大众点评		Expenses:Food	1		t
2130	2025-04-12 00:37:36.520495+00	2025-04-12 00:37:36.520522+00	秋季		Expenses:Shopping:Clothing	1		t
2131	2025-04-12 00:37:36.525428+00	2025-04-12 00:37:36.525452+00	锅贴		Expenses:Food	1		t
2132	2025-04-12 00:37:36.529588+00	2025-04-12 00:37:36.529615+00	顺丰	顺丰	Expenses:Home	1		t
2133	2025-04-12 00:37:36.533247+00	2025-04-12 00:37:36.533272+00	百货		Expenses:Shopping	1		t
2134	2025-04-12 00:37:36.536697+00	2025-04-12 00:37:36.536721+00	护肤品		Expenses:Shopping:Makeup	1		t
2135	2025-04-12 00:37:36.540193+00	2025-04-12 00:37:36.540216+00	转接头		Expenses:Shopping:Digital	1		t
2137	2025-04-12 00:37:36.547581+00	2025-04-12 00:37:36.547599+00	早餐奶		Expenses:Food:DrinkFruit	1		t
2138	2025-04-12 00:37:36.550975+00	2025-04-12 00:37:36.550994+00	雨伞		Expenses:Shopping	1		t
2139	2025-04-12 00:37:36.554523+00	2025-04-12 00:37:36.554551+00	冒菜		Expenses:Food	1		t
2140	2025-04-12 00:37:36.558744+00	2025-04-12 00:37:36.55877+00	影院		Expenses:Culture:Entertainment	1		t
2141	2025-04-12 00:37:36.562631+00	2025-04-12 00:37:36.56265+00	披萨		Expenses:Food	1		t
2142	2025-04-12 00:37:36.566333+00	2025-04-12 00:37:36.566354+00	鲜奶		Expenses:Food:DrinkFruit	1		t
2143	2025-04-12 00:37:36.569677+00	2025-04-12 00:37:36.569702+00	果茶		Expenses:Food:DrinkFruit	1		t
2144	2025-04-12 00:37:36.573662+00	2025-04-12 00:37:36.573688+00	安慕希	安慕希	Expenses:Food:DrinkFruit	1		t
2145	2025-04-12 00:37:36.577461+00	2025-04-12 00:37:36.577484+00	炸串		Expenses:Food	1		t
2146	2025-04-12 00:37:36.581064+00	2025-04-12 00:37:36.581086+00	中裤		Expenses:Shopping:Clothing	1		t
2147	2025-04-12 00:37:36.584453+00	2025-04-12 00:37:36.584473+00	瑞安店		Expenses:Shopping	1		t
2148	2025-04-12 00:37:36.588113+00	2025-04-12 00:37:36.588136+00	杂粮煎饼		Expenses:Food	1		t
2149	2025-04-12 00:37:36.591706+00	2025-04-12 00:37:36.591727+00	酸辣粉		Expenses:Food	1		t
2150	2025-04-12 00:37:36.594939+00	2025-04-12 00:37:36.594953+00	海飞丝	宝洁	Expenses:Home:Daily	1		t
2151	2025-04-12 00:37:36.597759+00	2025-04-12 00:37:36.59778+00	三只松鼠	三只松鼠	Expenses:Food	1		t
2152	2025-04-12 00:37:36.601247+00	2025-04-12 00:37:36.601264+00	1点点	一点点	Expenses:Food:DrinkFruit	1		t
2153	2025-04-12 00:37:36.605366+00	2025-04-12 00:37:36.605408+00	McDonalds	麦当劳	Expenses:Food	1		t
2154	2025-04-12 00:37:36.609564+00	2025-04-12 00:37:36.609591+00	护肤水		Expenses:Shopping:Makeup	1		t
2155	2025-04-12 00:37:36.612869+00	2025-04-12 00:37:36.612891+00	化妆品		Expenses:Shopping:Makeup	1		t
2156	2025-04-12 00:37:36.616618+00	2025-04-12 00:37:36.616641+00	男鞋		Expenses:Shopping:Clothing	1		t
2157	2025-04-12 00:37:36.620247+00	2025-04-12 00:37:36.620268+00	淘票票	淘票票	Expenses:Culture:Entertainment	1		t
2158	2025-04-12 00:37:36.623891+00	2025-04-12 00:37:36.623921+00	零食		Expenses:Food	1		t
2159	2025-04-12 00:37:36.627316+00	2025-04-12 00:37:36.627337+00	太阳伞		Expenses:Shopping	1		t
2161	2025-04-12 00:37:36.634861+00	2025-04-12 00:37:36.634884+00	影城		Expenses:Culture:Entertainment	1		t
2162	2025-04-12 00:37:36.638504+00	2025-04-12 00:37:36.638525+00	澜记	澜记	Expenses:Food	1		t
2163	2025-04-12 00:37:36.641866+00	2025-04-12 00:37:36.641887+00	纯牛奶		Expenses:Food:DrinkFruit	1		t
2164	2025-04-12 00:37:36.645737+00	2025-04-12 00:37:36.645758+00	公路运输		Expenses:TransPort:Public	1		t
2165	2025-04-12 00:37:36.649464+00	2025-04-12 00:37:36.649489+00	运动裤		Expenses:Shopping:Clothing	1		t
2166	2025-04-12 00:37:36.652936+00	2025-04-12 00:37:36.652957+00	酒吧		Expenses:Culture:Education	1		t
2167	2025-04-12 00:37:36.656195+00	2025-04-12 00:37:36.656216+00	点心		Expenses:Food	1		t
2168	2025-04-12 00:37:36.660042+00	2025-04-12 00:37:36.660062+00	杰士邦	杰士邦	Expenses:Home:Daily	1		t
2169	2025-04-12 00:37:36.663893+00	2025-04-12 00:37:36.663917+00	美团点评	美团	Expenses:Food	1		t
2170	2025-04-12 00:37:36.667769+00	2025-04-12 00:37:36.667793+00	抽纸		Expenses:Home:Daily	1		t
2171	2025-04-12 00:37:36.671504+00	2025-04-12 00:37:36.67153+00	每日坚果		Expenses:Food	1		t
2172	2025-04-12 00:37:36.675867+00	2025-04-12 00:37:36.675894+00	米粉		Expenses:Food	1		t
2173	2025-04-12 00:37:36.679857+00	2025-04-12 00:37:36.679879+00	麦当劳	麦当劳	Expenses:Food	1		t
2174	2025-04-12 00:37:36.683662+00	2025-04-12 00:37:36.683686+00	睡衣		Expenses:Shopping:Clothing	1		t
2175	2025-04-12 00:37:36.687047+00	2025-04-12 00:37:36.68707+00	洁面		Expenses:Shopping:Makeup	1		t
2176	2025-04-12 00:37:36.691118+00	2025-04-12 00:37:36.691145+00	运动鞋		Expenses:Shopping:Clothing	1		t
2177	2025-04-12 00:37:36.69531+00	2025-04-12 00:37:36.695332+00	希望树	希望树	Expenses:Home:Daily	1		t
2178	2025-04-12 00:37:36.699186+00	2025-04-12 00:37:36.699209+00	网络服务		Expenses:Culture:Subscription	1		t
2179	2025-04-12 00:37:36.702551+00	2025-04-12 00:37:36.702571+00	插板		Expenses:Home:Decoration	1		t
2180	2025-04-12 00:37:36.707008+00	2025-04-12 00:37:36.70705+00	点餐		Expenses:Food	1		t
2181	2025-04-12 00:37:36.711954+00	2025-04-12 00:37:36.712007+00	统一公共支付平台		Expenses:Government:Fine	1		t
2182	2025-04-12 00:37:36.716848+00	2025-04-12 00:37:36.71689+00	口红		Expenses:Shopping:Makeup	1		t
2183	2025-04-12 00:37:36.721237+00	2025-04-12 00:37:36.721278+00	季素梅		Expenses:Food	1		t
2184	2025-04-12 00:37:36.726123+00	2025-04-12 00:37:36.726163+00	医院		Expenses:Health:Outpatient	1		t
2187	2025-04-12 00:37:36.738203+00	2025-04-12 00:37:36.738226+00	门诊		Expenses:Health:Outpatient	1		t
2188	2025-04-12 00:37:36.742437+00	2025-04-12 00:37:36.742497+00	小杨生煎	小杨生煎	Expenses:Food	1		t
2189	2025-04-12 00:37:36.746782+00	2025-04-12 00:37:36.746812+00	借款		Assets:Receivables:Personal	1		t
2191	2025-04-12 00:37:36.75412+00	2025-04-12 00:37:36.754143+00	宾馆		Expenses:Culture	1		t
2192	2025-04-12 00:37:36.758171+00	2025-04-12 00:37:36.758196+00	UNIQLO	优衣库	Expenses:Shopping:Clothing	1		t
2193	2025-04-12 00:37:36.761852+00	2025-04-12 00:37:36.761873+00	口腔		Expenses:Health	1		t
2194	2025-04-12 00:37:36.765366+00	2025-04-12 00:37:36.765389+00	早点		Expenses:Food:Breakfast	1		t
2195	2025-04-12 00:37:36.768855+00	2025-04-12 00:37:36.768881+00	网咖		Expenses:Culture:Entertainment	1		t
2196	2025-04-12 00:37:36.772873+00	2025-04-12 00:37:36.772895+00	凡士林	凡士林	Expenses:Shopping:Makeup	1		t
2197	2025-04-12 00:37:36.776828+00	2025-04-12 00:37:36.776856+00	财产保险		Expenses:Finance:Insurance	1		t
2198	2025-04-12 00:37:36.780565+00	2025-04-12 00:37:36.780587+00	商品		Expenses:Shopping	1		t
2199	2025-04-12 00:37:36.783744+00	2025-04-12 00:37:36.783767+00	虎邦辣酱	虎邦辣酱	Expenses:Food	1		t
2200	2025-04-12 00:37:36.787276+00	2025-04-12 00:37:36.787296+00	教育		Expenses:Culture:Education	1		t
2201	2025-04-12 00:37:36.791134+00	2025-04-12 00:37:36.791164+00	煲仔		Expenses:Food	1		t
2202	2025-04-12 00:37:36.794919+00	2025-04-12 00:37:36.794953+00	拉扎斯网络科技	饿了么	Expenses:Food	1		t
2203	2025-04-12 00:37:36.798781+00	2025-04-12 00:37:36.798806+00	粉干		Expenses:Food	1		t
2204	2025-04-12 00:37:36.802897+00	2025-04-12 00:37:36.80292+00	电动牙刷		Expenses:Shopping:Digital	1		t
2205	2025-04-12 00:37:36.8074+00	2025-04-12 00:37:36.807442+00	化妆水		Expenses:Shopping:Makeup	1		t
2206	2025-04-12 00:37:36.812324+00	2025-04-12 00:37:36.812363+00	电动		Expenses:Shopping:Digital	1		t
2207	2025-04-12 00:37:36.816661+00	2025-04-12 00:37:36.81669+00	老爹鞋		Expenses:Shopping:Clothing	1		t
2208	2025-04-12 00:37:36.820792+00	2025-04-12 00:37:36.820817+00	无印良品	无印良品	Expenses:Home	1		t
2209	2025-04-12 00:37:36.825105+00	2025-04-12 00:37:36.825158+00	沐浴乳		Expenses:Home:Daily	1		t
2210	2025-04-12 00:37:36.829594+00	2025-04-12 00:37:36.829626+00	旅馆		Expenses:Culture	1		t
2212	2025-04-12 00:37:36.83719+00	2025-04-12 00:37:36.837213+00	优衣库	优衣库	Expenses:Shopping:Clothing	1		t
2213	2025-04-12 00:37:36.841209+00	2025-04-12 00:37:36.841236+00	串串香		Expenses:Food	1		t
2214	2025-04-12 00:37:36.845014+00	2025-04-12 00:37:36.84503+00	打印		Expenses:Culture:Education	1		t
2215	2025-04-12 00:37:36.848029+00	2025-04-12 00:37:36.848044+00	网吧		Expenses:Culture:Entertainment	1		t
2216	2025-04-12 00:37:36.851328+00	2025-04-12 00:37:36.851339+00	卤肉饭		Expenses:Food	1		t
2217	2025-04-12 00:37:36.854337+00	2025-04-12 00:37:36.854351+00	芯片		Expenses:Shopping:Digital	1		t
2218	2025-04-12 00:37:36.857517+00	2025-04-12 00:37:36.857535+00	分裤		Expenses:Shopping:Clothing	1		t
2219	2025-04-12 00:37:36.86029+00	2025-04-12 00:37:36.860301+00	眼镜		Expenses:Home:Daily	1		t
2220	2025-04-12 00:37:36.863351+00	2025-04-12 00:37:36.863365+00	遮阳伞		Expenses:Home:Daily	1		t
2221	2025-04-12 00:37:36.866194+00	2025-04-12 00:37:36.866203+00	冬季		Expenses:Shopping:Clothing	1		t
2222	2025-04-12 00:37:36.868923+00	2025-04-12 00:37:36.868937+00	葱油饼		Expenses:Food	1		t
2223	2025-04-12 00:37:36.872126+00	2025-04-12 00:37:36.872156+00	汉庭		Expenses:Culture	1		t
2224	2025-04-12 00:37:36.876178+00	2025-04-12 00:37:36.876192+00	KFC	肯德基	Expenses:Food	1		t
2225	2025-04-12 00:37:36.879405+00	2025-04-12 00:37:36.879421+00	刷头		Expenses:Home:Daily	1		t
2226	2025-04-12 00:37:36.882374+00	2025-04-12 00:37:36.882386+00	精华水		Expenses:Shopping:Makeup	1		t
2227	2025-04-12 00:37:36.885202+00	2025-04-12 00:37:36.885217+00	内裤		Expenses:Shopping:Clothing	1		t
2228	2025-04-12 00:37:36.888592+00	2025-04-12 00:37:36.888607+00	Muji	无印良品	Expenses:Home	1		t
2229	2025-04-12 00:37:36.892038+00	2025-04-12 00:37:36.892053+00	周黑鸭	周黑鸭	Expenses:Food	1		t
2230	2025-04-12 00:37:36.895208+00	2025-04-12 00:37:36.895223+00	鲜芋仙	鲜芋仙	Expenses:Food:DrinkFruit	1		t
2231	2025-04-12 00:37:36.898073+00	2025-04-12 00:37:36.898088+00	海底捞	海底捞	Expenses:Food	1		t
2232	2025-04-12 00:37:36.901828+00	2025-04-12 00:37:36.901868+00	火锅		Expenses:Food	1		t
2233	2025-04-12 00:37:36.906519+00	2025-04-12 00:37:36.906561+00	蒙牛	蒙牛	Expenses:Food:DrinkFruit	1		t
2234	2025-04-12 00:37:36.910244+00	2025-04-12 00:37:36.910263+00	麻辣烫		Expenses:Food	1		t
2235	2025-04-12 00:37:36.913201+00	2025-04-12 00:37:36.913221+00	奈雪の茶	奈雪の茶	Expenses:Food:DrinkFruit	1		t
2236	2025-04-12 00:37:36.916556+00	2025-04-12 00:37:36.916582+00	快餐		Expenses:Food	1		t
2237	2025-04-12 00:37:36.920142+00	2025-04-12 00:37:36.920168+00	阿里健康大药房	阿里健康大药房	Expenses:Health	1		t
2239	2025-04-12 00:37:36.926976+00	2025-04-12 00:37:36.926996+00	漱口水		Expenses:Home:Daily	1		t
2240	2025-04-12 00:37:36.930381+00	2025-04-12 00:37:36.930399+00	酸菜鱼		Expenses:Food	1		t
2241	2025-04-12 00:37:36.933892+00	2025-04-12 00:37:36.933918+00	春季		Expenses:Shopping:Clothing	1		t
2242	2025-04-12 00:37:36.937822+00	2025-04-12 00:37:36.937852+00	谷田稻香	谷田稻香	Expenses:Food	1		t
2243	2025-04-12 00:37:36.941378+00	2025-04-12 00:37:36.941404+00	华住		Expenses:Culture	1		t
2244	2025-04-12 00:37:36.945369+00	2025-04-12 00:37:36.945399+00	馄饨		Expenses:Food	1		t
2246	2025-04-12 00:37:36.954288+00	2025-04-12 00:37:36.954315+00	爽肤水		Expenses:Shopping:Makeup	1		t
2247	2025-04-12 00:37:36.957991+00	2025-04-12 00:37:36.958016+00	蓝牙		Expenses:Shopping:Digital	1		t
2248	2025-04-12 00:37:36.961786+00	2025-04-12 00:37:36.961809+00	烘焙		Expenses:Food	1		t
2249	2025-04-12 00:37:36.966094+00	2025-04-12 00:37:36.966127+00	半身裙		Expenses:Shopping:Clothing	1		t
2250	2025-04-12 00:37:36.970998+00	2025-04-12 00:37:36.971045+00	牛仔		Expenses:Shopping:Clothing	1		t
2251	2025-04-12 00:37:36.975458+00	2025-04-12 00:37:36.975485+00	短裙		Expenses:Shopping:Clothing	1		t
2252	2025-04-12 00:37:36.980161+00	2025-04-12 00:37:36.98021+00	裙子		Expenses:Shopping:Clothing	1		t
2253	2025-04-12 00:37:36.985101+00	2025-04-12 00:37:36.985154+00	速冻		Expenses:Food	1		t
2254	2025-04-12 00:37:36.990451+00	2025-04-12 00:37:36.990491+00	菜鸟		Expenses:Home	1		t
2255	2025-04-12 00:37:36.994001+00	2025-04-12 00:37:36.994021+00	美甲		Expenses:Shopping:Makeup	1		t
2256	2025-04-12 00:37:36.997181+00	2025-04-12 00:37:36.99719+00	穿戴甲		Expenses:Shopping:Makeup	1		t
2257	2025-04-12 00:37:37.000056+00	2025-04-12 00:37:37.000069+00	纸尿裤		Expenses:Shopping:Parent	1		t
2258	2025-04-12 00:37:37.002999+00	2025-04-12 00:37:37.003012+00	拉拉裤		Expenses:Shopping:Parent	1		t
2259	2025-04-12 00:37:37.006176+00	2025-04-12 00:37:37.006198+00	长袖		Expenses:Shopping:Clothing	1		t
2260	2025-04-12 00:37:37.009374+00	2025-04-12 00:37:37.009384+00	短袖		Expenses:Shopping:Clothing	1		t
2261	2025-04-12 00:37:37.012127+00	2025-04-12 00:37:37.012135+00	夹克		Expenses:Shopping:Clothing	1		t
2262	2025-04-12 00:37:37.014578+00	2025-04-12 00:37:37.014584+00	面膜		Expenses:Shopping:Makeup	1		t
2263	2025-04-12 00:37:37.016759+00	2025-04-12 00:37:37.016765+00	连衣裙		Expenses:Shopping:Clothing	1		t
2264	2025-04-12 00:37:37.01943+00	2025-04-12 00:37:37.019436+00	背带裙		Expenses:Shopping:Clothing	1		t
2265	2025-04-12 00:37:37.022107+00	2025-04-12 00:37:37.02212+00	吊带		Expenses:Shopping:Clothing	1		t
2266	2025-04-12 00:37:37.025018+00	2025-04-12 00:37:37.025031+00	背心		Expenses:Shopping:Clothing	1		t
2267	2025-04-12 00:37:37.027587+00	2025-04-12 00:37:37.027597+00	遮瑕		Expenses:Shopping:Makeup	1		t
2268	2025-04-12 00:37:37.03055+00	2025-04-12 00:37:37.030562+00	隔离霜		Expenses:Shopping:Makeup	1		t
2269	2025-04-12 00:37:37.033552+00	2025-04-12 00:37:37.033565+00	高跟鞋		Expenses:Shopping:Clothing	1		t
2270	2025-04-12 00:37:37.036656+00	2025-04-12 00:37:37.036673+00	光腿神器		Expenses:Shopping:Clothing	1		t
2271	2025-04-12 00:37:37.039746+00	2025-04-12 00:37:37.039766+00	打底裤		Expenses:Shopping:Clothing	1		t
2272	2025-04-12 00:37:37.043271+00	2025-04-12 00:37:37.043287+00	丝袜		Expenses:Shopping:Clothing	1		t
2273	2025-04-12 00:37:37.046542+00	2025-04-12 00:37:37.04656+00	卫生巾		Expenses:Home:Daily	1		t
2274	2025-04-12 00:37:37.04984+00	2025-04-12 00:37:37.049861+00	内衣		Expenses:Shopping:Clothing	1		t
2275	2025-04-12 00:37:37.052934+00	2025-04-12 00:37:37.052953+00	雪地靴		Expenses:Shopping:Clothing	1		t
2276	2025-04-12 00:37:37.05663+00	2025-04-12 00:37:37.056653+00	棉鞋		Expenses:Shopping:Clothing	1		t
2277	2025-04-12 00:37:37.060339+00	2025-04-12 00:37:37.060359+00	精华液		Expenses:Shopping:Makeup	1		t
2278	2025-04-12 00:37:37.063714+00	2025-04-12 00:37:37.063731+00	笔记本电脑		Expenses:Shopping:Digital	1		t
2279	2025-04-12 00:37:37.067021+00	2025-04-12 00:37:37.067045+00	**		Expenses:Shopping	1		t
2280	2025-04-12 00:37:37.07071+00	2025-04-12 00:37:37.070729+00	重庆小面		Expenses:Food	1		t
2281	2025-04-12 00:37:37.07455+00	2025-04-12 00:37:37.074582+00	湿巾		Expenses:Home:Daily	1		t
2282	2025-04-12 00:37:37.078242+00	2025-04-12 00:37:37.078263+00	纸巾		Expenses:Home:Daily	1		t
2283	2025-04-12 00:37:37.081284+00	2025-04-12 00:37:37.081299+00	十月结晶	十月结晶	Expenses:Shopping:Parent	1		t
2284	2025-04-12 00:37:37.084373+00	2025-04-12 00:37:37.084387+00	文胸		Expenses:Shopping:Clothing	1		t
2285	2025-04-12 00:37:37.087441+00	2025-04-12 00:37:37.087457+00	隆江猪脚饭		Expenses:Food	1		t
2287	2025-04-12 00:37:37.093902+00	2025-04-12 00:37:37.093916+00	电影票		Expenses:Culture:Entertainment	1		t
2288	2025-04-12 00:37:37.097062+00	2025-04-12 00:37:37.097076+00	杜蕾斯	杜蕾斯	Expenses:Home:Daily	1		t
2289	2025-04-12 00:37:37.10016+00	2025-04-12 00:37:37.100175+00	安全套		Expenses:Home:Daily	1		t
2290	2025-04-12 00:37:37.10384+00	2025-04-12 00:37:37.103874+00	避孕套		Expenses:Home:Daily	1		t
2291	2025-04-12 00:37:37.108456+00	2025-04-12 00:37:37.108507+00	游戏		Expenses:Culture:Entertainment	1		t
2292	2025-04-12 00:37:37.113258+00	2025-04-12 00:37:37.113308+00	周边		Expenses:Culture:Entertainment	1		t
2293	2025-04-12 00:37:37.117358+00	2025-04-12 00:37:37.11739+00	衬衫		Expenses:Shopping:Clothing	1		t
2294	2025-04-12 00:37:37.121221+00	2025-04-12 00:37:37.121247+00	衬衣		Expenses:Shopping:Clothing	1		t
2295	2025-04-12 00:37:37.124855+00	2025-04-12 00:37:37.124886+00	永和豆浆	永和豆浆	Expenses:Food	1		t
2296	2025-04-12 00:37:37.129067+00	2025-04-12 00:37:37.129092+00	书籍		Expenses:Culture:Education	1		t
2297	2025-04-12 00:37:37.132769+00	2025-04-12 00:37:37.132786+00	读物		Expenses:Culture:Education	1		t
2298	2025-04-12 00:37:37.13642+00	2025-04-12 00:37:37.136444+00	简餐		Expenses:Food	1		t
2299	2025-04-12 00:37:37.140292+00	2025-04-12 00:37:37.140321+00	上衣		Expenses:Shopping:Clothing	1		t
2300	2025-04-12 00:37:37.143871+00	2025-04-12 00:37:37.143884+00	便当		Expenses:Food	1		t
2301	2025-04-12 00:37:37.146743+00	2025-04-12 00:37:37.146753+00	沐浴露		Expenses:Home:Daily	1		t
2302	2025-04-12 00:37:37.149329+00	2025-04-12 00:37:37.149336+00	洗发水		Expenses:Home:Daily	1		t
2303	2025-04-12 00:37:37.151592+00	2025-04-12 00:37:37.151598+00	护发素		Expenses:Home:Daily	1		t
2304	2025-04-12 00:37:37.154328+00	2025-04-12 00:37:37.154335+00	修身		Expenses:Shopping:Clothing	1		t
2305	2025-04-12 00:37:37.157054+00	2025-04-12 00:37:37.157063+00	春装		Expenses:Shopping:Clothing	1		t
2306	2025-04-12 00:37:37.159679+00	2025-04-12 00:37:37.159686+00	夏装		Expenses:Shopping:Clothing	1		t
2307	2025-04-12 00:37:37.161965+00	2025-04-12 00:37:37.16197+00	秋装		Expenses:Shopping:Clothing	1		t
2308	2025-04-12 00:37:37.16454+00	2025-04-12 00:37:37.164548+00	冬装		Expenses:Shopping:Clothing	1		t
2309	2025-04-12 00:37:37.167093+00	2025-04-12 00:37:37.167099+00	滴滴		Expenses:TransPort:Public	1		t
2310	2025-04-12 00:37:37.169667+00	2025-04-12 00:37:37.169676+00	奶茶		Expenses:Food:DrinkFruit	1		t
2311	2025-04-12 00:37:37.172039+00	2025-04-12 00:37:37.172049+00	短袜		Expenses:Shopping:Clothing	1		t
2312	2025-04-12 00:37:37.175001+00	2025-04-12 00:37:37.175011+00	长袜		Expenses:Shopping:Clothing	1		t
2313	2025-04-12 00:37:37.177895+00	2025-04-12 00:37:37.177905+00	中筒袜		Expenses:Shopping:Clothing	1		t
2314	2025-04-12 00:37:37.180683+00	2025-04-12 00:37:37.180694+00	帆布鞋		Expenses:Shopping:Clothing	1		t
2315	2025-04-12 00:37:37.183555+00	2025-04-12 00:37:37.183568+00	防晒霜		Expenses:Shopping:Makeup	1		t
2316	2025-04-12 00:37:37.186511+00	2025-04-12 00:37:37.186522+00	黄焖鸡		Expenses:Food	1		t
2317	2025-04-12 00:37:37.189897+00	2025-04-12 00:37:37.189921+00	金华烧饼		Expenses:Food	1		t
2318	2025-04-12 00:37:37.193506+00	2025-04-12 00:37:37.193521+00	永嘉麦饼		Expenses:Food	1		t
2319	2025-04-12 00:37:37.196845+00	2025-04-12 00:37:37.196859+00	烧饼		Expenses:Food	1		t
2320	2025-04-12 00:37:37.199999+00	2025-04-12 00:37:37.200019+00	船袜		Expenses:Shopping:Clothing	1		t
2321	2025-04-12 00:37:37.202862+00	2025-04-12 00:37:37.202876+00	板鞋		Expenses:Shopping:Clothing	1		t
2322	2025-04-12 00:37:37.206446+00	2025-04-12 00:37:37.206474+00	休闲鞋		Expenses:Shopping:Clothing	1		t
2323	2025-04-12 00:37:37.210071+00	2025-04-12 00:37:37.210088+00	休闲裤		Expenses:Shopping:Clothing	1		t
2324	2025-04-12 00:37:37.213359+00	2025-04-12 00:37:37.213377+00	吹风机		Expenses:Shopping:Digital	1		t
2325	2025-04-12 00:37:37.216584+00	2025-04-12 00:37:37.216605+00	眼影盘		Expenses:Shopping:Makeup	1		t
2326	2025-04-12 00:37:37.220273+00	2025-04-12 00:37:37.220292+00	防晒服		Expenses:Shopping:Clothing	1		t
2327	2025-04-12 00:37:37.224238+00	2025-04-12 00:37:37.224263+00	瑜珈垫		Expenses:Home	1		t
2328	2025-04-12 00:37:37.227729+00	2025-04-12 00:37:37.227744+00	滴眼液		Expenses:Health	1		t
2329	2025-04-12 00:37:37.230558+00	2025-04-12 00:37:37.230569+00	眼药水		Expenses:Health	1		t
2330	2025-04-12 00:37:37.233614+00	2025-04-12 00:37:37.233625+00	拖鞋		Expenses:Shopping:Clothing	1		t
2331	2025-04-12 00:37:37.236575+00	2025-04-12 00:37:37.236588+00	充电器		Expenses:Shopping:Digital	1		t
2332	2025-04-12 00:37:37.240305+00	2025-04-12 00:37:37.240338+00	U盘		Expenses:Shopping:Digital	1		t
2333	2025-04-12 00:37:37.24388+00	2025-04-12 00:37:37.2439+00	金士顿	金士顿	Expenses:Shopping:Digital	1		t
2334	2025-04-12 00:37:37.247641+00	2025-04-12 00:37:37.247665+00	盖浇饭		Expenses:Food	1		t
2335	2025-04-12 00:37:37.251356+00	2025-04-12 00:37:37.251381+00	香水		Expenses:Shopping:Makeup	1		t
2336	2025-04-12 00:37:37.255114+00	2025-04-12 00:37:37.255168+00	外套		Expenses:Shopping:Clothing	1		t
2337	2025-04-12 00:37:37.258965+00	2025-04-12 00:37:37.25899+00	情趣用品		Expenses:Home:Daily	1		t
2338	2025-04-12 00:37:37.262635+00	2025-04-12 00:37:37.262652+00	洗衣液		Expenses:Home:Daily	1		t
2339	2025-04-12 00:37:37.265823+00	2025-04-12 00:37:37.265837+00	高领		Expenses:Shopping:Clothing	1		t
2340	2025-04-12 00:37:37.268861+00	2025-04-12 00:37:37.268877+00	毛衣		Expenses:Shopping:Clothing	1		t
2341	2025-04-12 00:37:37.272311+00	2025-04-12 00:37:37.272338+00	棉衣		Expenses:Shopping:Clothing	1		t
2342	2025-04-12 00:37:37.276396+00	2025-04-12 00:37:37.276416+00	棉袄		Expenses:Shopping:Clothing	1		t
2343	2025-04-12 00:37:37.279836+00	2025-04-12 00:37:37.279855+00	棉服		Expenses:Shopping:Clothing	1		t
2344	2025-04-12 00:37:37.283065+00	2025-04-12 00:37:37.283081+00	针织衫		Expenses:Shopping:Clothing	1		t
2345	2025-04-12 00:37:37.286145+00	2025-04-12 00:37:37.286165+00	面霜		Expenses:Shopping:Makeup	1		t
2346	2025-04-12 00:37:37.289962+00	2025-04-12 00:37:37.289985+00	护手霜		Expenses:Shopping:Makeup	1		t
2347	2025-04-12 00:37:37.293856+00	2025-04-12 00:37:37.293876+00	唇釉		Expenses:Shopping:Makeup	1		t
2348	2025-04-12 00:37:37.29749+00	2025-04-12 00:37:37.297518+00	唇膏		Expenses:Shopping:Makeup	1		t
2349	2025-04-12 00:37:37.300887+00	2025-04-12 00:37:37.300907+00	甜蜜果品		Expenses:Food:DrinkFruit	1		t
2350	2025-04-12 00:37:37.304553+00	2025-04-12 00:37:37.304576+00	RIO	RIO	Expenses:Food:DrinkFruit	1		t
2351	2025-04-12 00:37:37.308346+00	2025-04-12 00:37:37.30838+00	锐澳	RIO	Expenses:Food:DrinkFruit	1		t
2352	2025-04-12 00:37:37.312174+00	2025-04-12 00:37:37.312198+00	美食		Expenses:Food	1		t
2353	2025-04-12 00:37:37.315611+00	2025-04-12 00:37:37.315633+00	N多寿司	N多寿司	Expenses:Food	1		t
2354	2025-04-12 00:37:37.319383+00	2025-04-12 00:37:37.319404+00	千层	千层	Expenses:Food	1		t
2355	2025-04-12 00:37:37.323028+00	2025-04-12 00:37:37.323053+00	炸鸡		Expenses:Food	1		t
2356	2025-04-12 00:37:37.326837+00	2025-04-12 00:37:37.326861+00	伊利	伊利	Expenses:Food:DrinkFruit	1		t
2357	2025-04-12 00:37:37.330249+00	2025-04-12 00:37:37.330275+00	CoCo	CoCo	Expenses:Food:DrinkFruit	1		t
2358	2025-04-12 00:37:37.333975+00	2025-04-12 00:37:37.333997+00	台球		Expenses:Culture:Entertainment	1		t
2359	2025-04-12 00:37:37.337771+00	2025-04-12 00:37:37.337794+00	鸭血粉丝汤		Expenses:Food	1		t
2360	2025-04-12 00:37:37.341464+00	2025-04-12 00:37:37.341494+00	阔腿裤		Expenses:Shopping:Clothing	1		t
2362	2025-04-12 00:37:37.349053+00	2025-04-12 00:37:37.349076+00	果品		Expenses:Food:DrinkFruit	1		t
2363	2025-04-12 00:37:37.352851+00	2025-04-12 00:37:37.352881+00	百岁我家	百岁我家	Expenses:Food	1		t
2364	2025-04-12 00:37:37.356871+00	2025-04-12 00:37:37.356907+00	夏季		Expenses:Shopping:Clothing	1		t
2365	2025-04-12 00:37:37.360774+00	2025-04-12 00:37:37.360799+00	网易游戏	网易	Expenses:Culture:Entertainment	1		t
2366	2025-04-12 00:37:37.364735+00	2025-04-12 00:37:37.364757+00	生煎		Expenses:Food	1		t
2367	2025-04-12 00:37:37.368517+00	2025-04-12 00:37:37.368541+00	鸭血粉丝		Expenses:Food	1		t
2368	2025-04-12 00:37:37.372034+00	2025-04-12 00:37:37.372066+00	续费		Expenses:Culture:Subscription	1		t
2369	2025-04-12 00:37:37.37576+00	2025-04-12 00:37:37.375821+00	88VIP		Expenses:Culture:Subscription	1		t
2370	2025-04-12 00:37:37.379473+00	2025-04-12 00:37:37.379512+00	转换器		Expenses:Shopping:Digital	1		t
2372	2025-04-12 00:37:37.386803+00	2025-04-12 00:37:37.386825+00	运费险		Expenses:Finance:Insurance	1		t
2373	2025-04-12 00:37:37.390478+00	2025-04-12 00:37:37.390501+00	软件		Expenses:Culture	1		t
2374	2025-04-12 00:37:37.394101+00	2025-04-12 00:37:37.394122+00	吸汗		Expenses:Shopping:Clothing	1		t
2375	2025-04-12 00:37:37.397795+00	2025-04-12 00:37:37.397815+00	回力	回力	Expenses:Shopping	1		t
2376	2025-04-12 00:37:37.40165+00	2025-04-12 00:37:37.401676+00	阅读		Expenses:Culture	1		t
\.


--
-- Data for Name: maps_income; Type: TABLE DATA; Schema: public; Owner: root
--

COPY public.maps_income (id, created, modified, key, payer, income, owner_id, enable) FROM stdin;
39	2025-04-12 00:38:12.028916+00	2025-04-12 00:38:12.028928+00	红包	\N	Income:RedPacket:Personal	1	t
41	2025-04-12 00:38:12.034782+00	2025-04-12 00:38:12.034787+00	小荷包	\N	Assets:Savings:Web:XiaoHeBao	1	t
44	2025-04-12 00:38:12.042974+00	2025-04-12 00:38:12.042981+00	收钱码经营版收款	\N	Income:Business	1	t
45	2025-04-12 00:38:12.045226+00	2025-04-12 00:38:12.045232+00	出行账户余额提现	\N	Income:Sideline:DiDi	1	t
50	2025-04-12 00:38:12.057319+00	2025-04-12 00:38:12.057323+00	理赔	\N	Income:LegalSettlements:InsuranceClaims	1	t
51	2025-04-12 00:38:12.059704+00	2025-04-12 00:38:12.059708+00	保险理赔	\N	Income:LegalSettlements:InsuranceClaims	1	t
\.


--
-- Data for Name: owntracks_owntracklog; Type: TABLE DATA; Schema: public; Owner: root
--

COPY public.owntracks_owntracklog (id, tid, lat, lon, creation_time) FROM stdin;
1	hr	27.81943733808316	120.73371022905768	2025-01-09 00:19:00+00
2	hr	27.819907	120.734261	2025-01-09 00:40:00+00
\.


--
-- Data for Name: socialaccount_socialaccount; Type: TABLE DATA; Schema: public; Owner: root
--

COPY public.socialaccount_socialaccount (id, provider, uid, last_login, date_joined, extra_data, user_id) FROM stdin;
\.


--
-- Data for Name: socialaccount_socialapp; Type: TABLE DATA; Schema: public; Owner: root
--

COPY public.socialaccount_socialapp (id, provider, name, client_id, secret, key, provider_id, settings) FROM stdin;
\.


--
-- Data for Name: socialaccount_socialapp_sites; Type: TABLE DATA; Schema: public; Owner: root
--

COPY public.socialaccount_socialapp_sites (id, socialapp_id, site_id) FROM stdin;
\.


--
-- Data for Name: socialaccount_socialtoken; Type: TABLE DATA; Schema: public; Owner: root
--

COPY public.socialaccount_socialtoken (id, token, token_secret, expires_at, account_id, app_id) FROM stdin;
\.


--
-- Data for Name: translate_formatconfig; Type: TABLE DATA; Schema: public; Owner: root
--

COPY public.translate_formatconfig (id, flag, show_note, show_tag, show_time, show_uuid, show_status, show_discount, income_template, owner_id, commission_template, currency) FROM stdin;
1	*	t	t	t	t	t	t	Income:Discount	1	Expenses:Finance:Commission	CNY
\.


--
-- Data for Name: usersessions_usersession; Type: TABLE DATA; Schema: public; Owner: root
--

COPY public.usersessions_usersession (id, created_at, ip, last_seen_at, session_key, user_agent, data, user_id) FROM stdin;
201	2025-03-21 08:10:45.74028+00	172.20.0.1	2025-03-21 08:10:45.740285+00	hux4fnn8wjo8yvhxsufc2n55ht9h5amt	Mozilla/5.0 (X11; Linux x86_64) AppleWebKit/537.36 (KHTML, like Gecko) Chrome/134.0.0.0 Safari/537.36	{}	1
202	2025-03-21 08:34:26.372584+00	172.20.0.1	2025-03-21 08:34:26.372589+00	azkr64jx0w609grt81nr7y0durffosw6	Mozilla/5.0 (X11; Linux x86_64) AppleWebKit/537.36 (KHTML, like Gecko) Chrome/134.0.0.0 Safari/537.36	{}	1
203	2025-04-11 23:52:40.676247+00	172.20.0.1	2025-04-11 23:52:40.676251+00	7xhbq8xssig0gy9nfaln90ivvwc8xarz	Mozilla/5.0 (X11; Linux x86_64) AppleWebKit/537.36 (KHTML, like Gecko) Chrome/135.0.0.0 Safari/537.36	{}	1
\.


--
-- Name: account_emailaddress_id_seq; Type: SEQUENCE SET; Schema: public; Owner: root
--

SELECT pg_catalog.setval('public.account_emailaddress_id_seq', 1, false);


--
-- Name: account_emailconfirmation_id_seq; Type: SEQUENCE SET; Schema: public; Owner: root
--

SELECT pg_catalog.setval('public.account_emailconfirmation_id_seq', 1, false);


--
-- Name: auth_group_id_seq; Type: SEQUENCE SET; Schema: public; Owner: root
--

SELECT pg_catalog.setval('public.auth_group_id_seq', 1, false);


--
-- Name: auth_group_permissions_id_seq; Type: SEQUENCE SET; Schema: public; Owner: root
--

SELECT pg_catalog.setval('public.auth_group_permissions_id_seq', 1, false);


--
-- Name: auth_permission_id_seq; Type: SEQUENCE SET; Schema: public; Owner: root
--

SELECT pg_catalog.setval('public.auth_permission_id_seq', 84, true);


--
-- Name: auth_user_groups_id_seq; Type: SEQUENCE SET; Schema: public; Owner: root
--

SELECT pg_catalog.setval('public.auth_user_groups_id_seq', 1, false);


--
-- Name: auth_user_id_seq; Type: SEQUENCE SET; Schema: public; Owner: root
--

SELECT pg_catalog.setval('public.auth_user_id_seq', 52, true);


--
-- Name: auth_user_user_permissions_id_seq; Type: SEQUENCE SET; Schema: public; Owner: root
--

SELECT pg_catalog.setval('public.auth_user_user_permissions_id_seq', 1, false);


--
-- Name: django_admin_log_id_seq; Type: SEQUENCE SET; Schema: public; Owner: root
--

SELECT pg_catalog.setval('public.django_admin_log_id_seq', 431, true);


--
-- Name: django_content_type_id_seq; Type: SEQUENCE SET; Schema: public; Owner: root
--

SELECT pg_catalog.setval('public.django_content_type_id_seq', 21, true);


--
-- Name: django_migrations_id_seq; Type: SEQUENCE SET; Schema: public; Owner: root
--

SELECT pg_catalog.setval('public.django_migrations_id_seq', 54, true);


--
-- Name: django_site_id_seq; Type: SEQUENCE SET; Schema: public; Owner: root
--

SELECT pg_catalog.setval('public.django_site_id_seq', 4, true);


--
-- Name: maps_assets_id_seq; Type: SEQUENCE SET; Schema: public; Owner: root
--

SELECT pg_catalog.setval('public.maps_assets_id_seq', 206, true);


--
-- Name: maps_expense_id_seq; Type: SEQUENCE SET; Schema: public; Owner: root
--

SELECT pg_catalog.setval('public.maps_expense_id_seq', 2376, true);


--
-- Name: maps_income_id_seq; Type: SEQUENCE SET; Schema: public; Owner: root
--

SELECT pg_catalog.setval('public.maps_income_id_seq', 51, true);


--
-- Name: owntracks_owntracklog_id_seq; Type: SEQUENCE SET; Schema: public; Owner: root
--

SELECT pg_catalog.setval('public.owntracks_owntracklog_id_seq', 2, true);


--
-- Name: socialaccount_socialaccount_id_seq; Type: SEQUENCE SET; Schema: public; Owner: root
--

SELECT pg_catalog.setval('public.socialaccount_socialaccount_id_seq', 1, false);


--
-- Name: socialaccount_socialapp_id_seq; Type: SEQUENCE SET; Schema: public; Owner: root
--

SELECT pg_catalog.setval('public.socialaccount_socialapp_id_seq', 1, false);


--
-- Name: socialaccount_socialapp_sites_id_seq; Type: SEQUENCE SET; Schema: public; Owner: root
--

SELECT pg_catalog.setval('public.socialaccount_socialapp_sites_id_seq', 1, false);


--
-- Name: socialaccount_socialtoken_id_seq; Type: SEQUENCE SET; Schema: public; Owner: root
--

SELECT pg_catalog.setval('public.socialaccount_socialtoken_id_seq', 1, false);


--
-- Name: translate_formatconfig_id_seq; Type: SEQUENCE SET; Schema: public; Owner: root
--

SELECT pg_catalog.setval('public.translate_formatconfig_id_seq', 3, true);


--
-- Name: usersessions_usersession_id_seq; Type: SEQUENCE SET; Schema: public; Owner: root
--

SELECT pg_catalog.setval('public.usersessions_usersession_id_seq', 203, true);


--
-- Name: account_emailaddress account_emailaddress_pkey; Type: CONSTRAINT; Schema: public; Owner: root
--

ALTER TABLE ONLY public.account_emailaddress
    ADD CONSTRAINT account_emailaddress_pkey PRIMARY KEY (id);


--
-- Name: account_emailaddress account_emailaddress_user_id_email_987c8728_uniq; Type: CONSTRAINT; Schema: public; Owner: root
--

ALTER TABLE ONLY public.account_emailaddress
    ADD CONSTRAINT account_emailaddress_user_id_email_987c8728_uniq UNIQUE (user_id, email);


--
-- Name: account_emailconfirmation account_emailconfirmation_key_key; Type: CONSTRAINT; Schema: public; Owner: root
--

ALTER TABLE ONLY public.account_emailconfirmation
    ADD CONSTRAINT account_emailconfirmation_key_key UNIQUE (key);


--
-- Name: account_emailconfirmation account_emailconfirmation_pkey; Type: CONSTRAINT; Schema: public; Owner: root
--

ALTER TABLE ONLY public.account_emailconfirmation
    ADD CONSTRAINT account_emailconfirmation_pkey PRIMARY KEY (id);


--
-- Name: auth_group auth_group_name_key; Type: CONSTRAINT; Schema: public; Owner: root
--

ALTER TABLE ONLY public.auth_group
    ADD CONSTRAINT auth_group_name_key UNIQUE (name);


--
-- Name: auth_group_permissions auth_group_permissions_group_id_permission_id_0cd325b0_uniq; Type: CONSTRAINT; Schema: public; Owner: root
--

ALTER TABLE ONLY public.auth_group_permissions
    ADD CONSTRAINT auth_group_permissions_group_id_permission_id_0cd325b0_uniq UNIQUE (group_id, permission_id);


--
-- Name: auth_group_permissions auth_group_permissions_pkey; Type: CONSTRAINT; Schema: public; Owner: root
--

ALTER TABLE ONLY public.auth_group_permissions
    ADD CONSTRAINT auth_group_permissions_pkey PRIMARY KEY (id);


--
-- Name: auth_group auth_group_pkey; Type: CONSTRAINT; Schema: public; Owner: root
--

ALTER TABLE ONLY public.auth_group
    ADD CONSTRAINT auth_group_pkey PRIMARY KEY (id);


--
-- Name: auth_permission auth_permission_content_type_id_codename_01ab375a_uniq; Type: CONSTRAINT; Schema: public; Owner: root
--

ALTER TABLE ONLY public.auth_permission
    ADD CONSTRAINT auth_permission_content_type_id_codename_01ab375a_uniq UNIQUE (content_type_id, codename);


--
-- Name: auth_permission auth_permission_pkey; Type: CONSTRAINT; Schema: public; Owner: root
--

ALTER TABLE ONLY public.auth_permission
    ADD CONSTRAINT auth_permission_pkey PRIMARY KEY (id);


--
-- Name: auth_user_groups auth_user_groups_pkey; Type: CONSTRAINT; Schema: public; Owner: root
--

ALTER TABLE ONLY public.auth_user_groups
    ADD CONSTRAINT auth_user_groups_pkey PRIMARY KEY (id);


--
-- Name: auth_user_groups auth_user_groups_user_id_group_id_94350c0c_uniq; Type: CONSTRAINT; Schema: public; Owner: root
--

ALTER TABLE ONLY public.auth_user_groups
    ADD CONSTRAINT auth_user_groups_user_id_group_id_94350c0c_uniq UNIQUE (user_id, group_id);


--
-- Name: auth_user auth_user_pkey; Type: CONSTRAINT; Schema: public; Owner: root
--

ALTER TABLE ONLY public.auth_user
    ADD CONSTRAINT auth_user_pkey PRIMARY KEY (id);


--
-- Name: auth_user_user_permissions auth_user_user_permissions_pkey; Type: CONSTRAINT; Schema: public; Owner: root
--

ALTER TABLE ONLY public.auth_user_user_permissions
    ADD CONSTRAINT auth_user_user_permissions_pkey PRIMARY KEY (id);


--
-- Name: auth_user_user_permissions auth_user_user_permissions_user_id_permission_id_14a6b632_uniq; Type: CONSTRAINT; Schema: public; Owner: root
--

ALTER TABLE ONLY public.auth_user_user_permissions
    ADD CONSTRAINT auth_user_user_permissions_user_id_permission_id_14a6b632_uniq UNIQUE (user_id, permission_id);


--
-- Name: auth_user auth_user_username_key; Type: CONSTRAINT; Schema: public; Owner: root
--

ALTER TABLE ONLY public.auth_user
    ADD CONSTRAINT auth_user_username_key UNIQUE (username);


--
-- Name: authtoken_token authtoken_token_pkey; Type: CONSTRAINT; Schema: public; Owner: root
--

ALTER TABLE ONLY public.authtoken_token
    ADD CONSTRAINT authtoken_token_pkey PRIMARY KEY (key);


--
-- Name: authtoken_token authtoken_token_user_id_key; Type: CONSTRAINT; Schema: public; Owner: root
--

ALTER TABLE ONLY public.authtoken_token
    ADD CONSTRAINT authtoken_token_user_id_key UNIQUE (user_id);


--
-- Name: django_admin_log django_admin_log_pkey; Type: CONSTRAINT; Schema: public; Owner: root
--

ALTER TABLE ONLY public.django_admin_log
    ADD CONSTRAINT django_admin_log_pkey PRIMARY KEY (id);


--
-- Name: django_content_type django_content_type_app_label_model_76bd3d3b_uniq; Type: CONSTRAINT; Schema: public; Owner: root
--

ALTER TABLE ONLY public.django_content_type
    ADD CONSTRAINT django_content_type_app_label_model_76bd3d3b_uniq UNIQUE (app_label, model);


--
-- Name: django_content_type django_content_type_pkey; Type: CONSTRAINT; Schema: public; Owner: root
--

ALTER TABLE ONLY public.django_content_type
    ADD CONSTRAINT django_content_type_pkey PRIMARY KEY (id);


--
-- Name: django_migrations django_migrations_pkey; Type: CONSTRAINT; Schema: public; Owner: root
--

ALTER TABLE ONLY public.django_migrations
    ADD CONSTRAINT django_migrations_pkey PRIMARY KEY (id);


--
-- Name: django_session django_session_pkey; Type: CONSTRAINT; Schema: public; Owner: root
--

ALTER TABLE ONLY public.django_session
    ADD CONSTRAINT django_session_pkey PRIMARY KEY (session_key);


--
-- Name: django_site django_site_domain_a2e37b91_uniq; Type: CONSTRAINT; Schema: public; Owner: root
--

ALTER TABLE ONLY public.django_site
    ADD CONSTRAINT django_site_domain_a2e37b91_uniq UNIQUE (domain);


--
-- Name: django_site django_site_pkey; Type: CONSTRAINT; Schema: public; Owner: root
--

ALTER TABLE ONLY public.django_site
    ADD CONSTRAINT django_site_pkey PRIMARY KEY (id);


--
-- Name: maps_assets maps_assets_pkey; Type: CONSTRAINT; Schema: public; Owner: root
--

ALTER TABLE ONLY public.maps_assets
    ADD CONSTRAINT maps_assets_pkey PRIMARY KEY (id);


--
-- Name: maps_expense maps_expense_pkey; Type: CONSTRAINT; Schema: public; Owner: root
--

ALTER TABLE ONLY public.maps_expense
    ADD CONSTRAINT maps_expense_pkey PRIMARY KEY (id);


--
-- Name: maps_income maps_income_pkey; Type: CONSTRAINT; Schema: public; Owner: root
--

ALTER TABLE ONLY public.maps_income
    ADD CONSTRAINT maps_income_pkey PRIMARY KEY (id);


--
-- Name: owntracks_owntracklog owntracks_owntracklog_pkey; Type: CONSTRAINT; Schema: public; Owner: root
--

ALTER TABLE ONLY public.owntracks_owntracklog
    ADD CONSTRAINT owntracks_owntracklog_pkey PRIMARY KEY (id);


--
-- Name: socialaccount_socialaccount socialaccount_socialaccount_pkey; Type: CONSTRAINT; Schema: public; Owner: root
--

ALTER TABLE ONLY public.socialaccount_socialaccount
    ADD CONSTRAINT socialaccount_socialaccount_pkey PRIMARY KEY (id);


--
-- Name: socialaccount_socialaccount socialaccount_socialaccount_provider_uid_fc810c6e_uniq; Type: CONSTRAINT; Schema: public; Owner: root
--

ALTER TABLE ONLY public.socialaccount_socialaccount
    ADD CONSTRAINT socialaccount_socialaccount_provider_uid_fc810c6e_uniq UNIQUE (provider, uid);


--
-- Name: socialaccount_socialapp_sites socialaccount_socialapp__socialapp_id_site_id_71a9a768_uniq; Type: CONSTRAINT; Schema: public; Owner: root
--

ALTER TABLE ONLY public.socialaccount_socialapp_sites
    ADD CONSTRAINT socialaccount_socialapp__socialapp_id_site_id_71a9a768_uniq UNIQUE (socialapp_id, site_id);


--
-- Name: socialaccount_socialapp socialaccount_socialapp_pkey; Type: CONSTRAINT; Schema: public; Owner: root
--

ALTER TABLE ONLY public.socialaccount_socialapp
    ADD CONSTRAINT socialaccount_socialapp_pkey PRIMARY KEY (id);


--
-- Name: socialaccount_socialapp_sites socialaccount_socialapp_sites_pkey; Type: CONSTRAINT; Schema: public; Owner: root
--

ALTER TABLE ONLY public.socialaccount_socialapp_sites
    ADD CONSTRAINT socialaccount_socialapp_sites_pkey PRIMARY KEY (id);


--
-- Name: socialaccount_socialtoken socialaccount_socialtoken_app_id_account_id_fca4e0ac_uniq; Type: CONSTRAINT; Schema: public; Owner: root
--

ALTER TABLE ONLY public.socialaccount_socialtoken
    ADD CONSTRAINT socialaccount_socialtoken_app_id_account_id_fca4e0ac_uniq UNIQUE (app_id, account_id);


--
-- Name: socialaccount_socialtoken socialaccount_socialtoken_pkey; Type: CONSTRAINT; Schema: public; Owner: root
--

ALTER TABLE ONLY public.socialaccount_socialtoken
    ADD CONSTRAINT socialaccount_socialtoken_pkey PRIMARY KEY (id);


--
-- Name: translate_formatconfig translate_formatconfig_pkey; Type: CONSTRAINT; Schema: public; Owner: root
--

ALTER TABLE ONLY public.translate_formatconfig
    ADD CONSTRAINT translate_formatconfig_pkey PRIMARY KEY (id);


--
-- Name: translate_formatconfig unique_user_config; Type: CONSTRAINT; Schema: public; Owner: root
--

ALTER TABLE ONLY public.translate_formatconfig
    ADD CONSTRAINT unique_user_config UNIQUE (owner_id);


--
-- Name: usersessions_usersession usersessions_usersession_pkey; Type: CONSTRAINT; Schema: public; Owner: root
--

ALTER TABLE ONLY public.usersessions_usersession
    ADD CONSTRAINT usersessions_usersession_pkey PRIMARY KEY (id);


--
-- Name: usersessions_usersession usersessions_usersession_session_key_key; Type: CONSTRAINT; Schema: public; Owner: root
--

ALTER TABLE ONLY public.usersessions_usersession
    ADD CONSTRAINT usersessions_usersession_session_key_key UNIQUE (session_key);


--
-- Name: account_emailaddress_email_03be32b2; Type: INDEX; Schema: public; Owner: root
--

CREATE INDEX account_emailaddress_email_03be32b2 ON public.account_emailaddress USING btree (email);


--
-- Name: account_emailaddress_email_03be32b2_like; Type: INDEX; Schema: public; Owner: root
--

CREATE INDEX account_emailaddress_email_03be32b2_like ON public.account_emailaddress USING btree (email varchar_pattern_ops);


--
-- Name: account_emailaddress_user_id_2c513194; Type: INDEX; Schema: public; Owner: root
--

CREATE INDEX account_emailaddress_user_id_2c513194 ON public.account_emailaddress USING btree (user_id);


--
-- Name: account_emailconfirmation_email_address_id_5b7f8c58; Type: INDEX; Schema: public; Owner: root
--

CREATE INDEX account_emailconfirmation_email_address_id_5b7f8c58 ON public.account_emailconfirmation USING btree (email_address_id);


--
-- Name: account_emailconfirmation_key_f43612bd_like; Type: INDEX; Schema: public; Owner: root
--

CREATE INDEX account_emailconfirmation_key_f43612bd_like ON public.account_emailconfirmation USING btree (key varchar_pattern_ops);


--
-- Name: auth_group_name_a6ea08ec_like; Type: INDEX; Schema: public; Owner: root
--

CREATE INDEX auth_group_name_a6ea08ec_like ON public.auth_group USING btree (name varchar_pattern_ops);


--
-- Name: auth_group_permissions_group_id_b120cbf9; Type: INDEX; Schema: public; Owner: root
--

CREATE INDEX auth_group_permissions_group_id_b120cbf9 ON public.auth_group_permissions USING btree (group_id);


--
-- Name: auth_group_permissions_permission_id_84c5c92e; Type: INDEX; Schema: public; Owner: root
--

CREATE INDEX auth_group_permissions_permission_id_84c5c92e ON public.auth_group_permissions USING btree (permission_id);


--
-- Name: auth_permission_content_type_id_2f476e4b; Type: INDEX; Schema: public; Owner: root
--

CREATE INDEX auth_permission_content_type_id_2f476e4b ON public.auth_permission USING btree (content_type_id);


--
-- Name: auth_user_groups_group_id_97559544; Type: INDEX; Schema: public; Owner: root
--

CREATE INDEX auth_user_groups_group_id_97559544 ON public.auth_user_groups USING btree (group_id);


--
-- Name: auth_user_groups_user_id_6a12ed8b; Type: INDEX; Schema: public; Owner: root
--

CREATE INDEX auth_user_groups_user_id_6a12ed8b ON public.auth_user_groups USING btree (user_id);


--
-- Name: auth_user_user_permissions_permission_id_1fbb5f2c; Type: INDEX; Schema: public; Owner: root
--

CREATE INDEX auth_user_user_permissions_permission_id_1fbb5f2c ON public.auth_user_user_permissions USING btree (permission_id);


--
-- Name: auth_user_user_permissions_user_id_a95ead1b; Type: INDEX; Schema: public; Owner: root
--

CREATE INDEX auth_user_user_permissions_user_id_a95ead1b ON public.auth_user_user_permissions USING btree (user_id);


--
-- Name: auth_user_username_6821ab7c_like; Type: INDEX; Schema: public; Owner: root
--

CREATE INDEX auth_user_username_6821ab7c_like ON public.auth_user USING btree (username varchar_pattern_ops);


--
-- Name: authtoken_token_key_10f0b77e_like; Type: INDEX; Schema: public; Owner: root
--

CREATE INDEX authtoken_token_key_10f0b77e_like ON public.authtoken_token USING btree (key varchar_pattern_ops);


--
-- Name: django_admin_log_content_type_id_c4bce8eb; Type: INDEX; Schema: public; Owner: root
--

CREATE INDEX django_admin_log_content_type_id_c4bce8eb ON public.django_admin_log USING btree (content_type_id);


--
-- Name: django_admin_log_user_id_c564eba6; Type: INDEX; Schema: public; Owner: root
--

CREATE INDEX django_admin_log_user_id_c564eba6 ON public.django_admin_log USING btree (user_id);


--
-- Name: django_session_expire_date_a5c62663; Type: INDEX; Schema: public; Owner: root
--

CREATE INDEX django_session_expire_date_a5c62663 ON public.django_session USING btree (expire_date);


--
-- Name: django_session_session_key_c0390e0f_like; Type: INDEX; Schema: public; Owner: root
--

CREATE INDEX django_session_session_key_c0390e0f_like ON public.django_session USING btree (session_key varchar_pattern_ops);


--
-- Name: django_site_domain_a2e37b91_like; Type: INDEX; Schema: public; Owner: root
--

CREATE INDEX django_site_domain_a2e37b91_like ON public.django_site USING btree (domain varchar_pattern_ops);


--
-- Name: maps_assets_owner_id_c6403b26; Type: INDEX; Schema: public; Owner: root
--

CREATE INDEX maps_assets_owner_id_c6403b26 ON public.maps_assets USING btree (owner_id);


--
-- Name: maps_expense_owner_id_d327d8f9; Type: INDEX; Schema: public; Owner: root
--

CREATE INDEX maps_expense_owner_id_d327d8f9 ON public.maps_expense USING btree (owner_id);


--
-- Name: maps_income_owner_id_72c1c0ab; Type: INDEX; Schema: public; Owner: root
--

CREATE INDEX maps_income_owner_id_72c1c0ab ON public.maps_income USING btree (owner_id);


--
-- Name: socialaccount_socialaccount_user_id_8146e70c; Type: INDEX; Schema: public; Owner: root
--

CREATE INDEX socialaccount_socialaccount_user_id_8146e70c ON public.socialaccount_socialaccount USING btree (user_id);


--
-- Name: socialaccount_socialapp_sites_site_id_2579dee5; Type: INDEX; Schema: public; Owner: root
--

CREATE INDEX socialaccount_socialapp_sites_site_id_2579dee5 ON public.socialaccount_socialapp_sites USING btree (site_id);


--
-- Name: socialaccount_socialapp_sites_socialapp_id_97fb6e7d; Type: INDEX; Schema: public; Owner: root
--

CREATE INDEX socialaccount_socialapp_sites_socialapp_id_97fb6e7d ON public.socialaccount_socialapp_sites USING btree (socialapp_id);


--
-- Name: socialaccount_socialtoken_account_id_951f210e; Type: INDEX; Schema: public; Owner: root
--

CREATE INDEX socialaccount_socialtoken_account_id_951f210e ON public.socialaccount_socialtoken USING btree (account_id);


--
-- Name: socialaccount_socialtoken_app_id_636a42d7; Type: INDEX; Schema: public; Owner: root
--

CREATE INDEX socialaccount_socialtoken_app_id_636a42d7 ON public.socialaccount_socialtoken USING btree (app_id);


--
-- Name: translate_formatconfig_owner_id_eb366fbb; Type: INDEX; Schema: public; Owner: root
--

CREATE INDEX translate_formatconfig_owner_id_eb366fbb ON public.translate_formatconfig USING btree (owner_id);


--
-- Name: unique_primary_email; Type: INDEX; Schema: public; Owner: root
--

CREATE UNIQUE INDEX unique_primary_email ON public.account_emailaddress USING btree (user_id, "primary") WHERE "primary";


--
-- Name: unique_verified_email; Type: INDEX; Schema: public; Owner: root
--

CREATE UNIQUE INDEX unique_verified_email ON public.account_emailaddress USING btree (email) WHERE verified;


--
-- Name: usersessions_usersession_session_key_fd35de43_like; Type: INDEX; Schema: public; Owner: root
--

CREATE INDEX usersessions_usersession_session_key_fd35de43_like ON public.usersessions_usersession USING btree (session_key varchar_pattern_ops);


--
-- Name: usersessions_usersession_user_id_af5e0a6d; Type: INDEX; Schema: public; Owner: root
--

CREATE INDEX usersessions_usersession_user_id_af5e0a6d ON public.usersessions_usersession USING btree (user_id);


--
-- Name: account_emailaddress account_emailaddress_user_id_2c513194_fk_auth_user_id; Type: FK CONSTRAINT; Schema: public; Owner: root
--

ALTER TABLE ONLY public.account_emailaddress
    ADD CONSTRAINT account_emailaddress_user_id_2c513194_fk_auth_user_id FOREIGN KEY (user_id) REFERENCES public.auth_user(id) DEFERRABLE INITIALLY DEFERRED;


--
-- Name: account_emailconfirmation account_emailconfirm_email_address_id_5b7f8c58_fk_account_e; Type: FK CONSTRAINT; Schema: public; Owner: root
--

ALTER TABLE ONLY public.account_emailconfirmation
    ADD CONSTRAINT account_emailconfirm_email_address_id_5b7f8c58_fk_account_e FOREIGN KEY (email_address_id) REFERENCES public.account_emailaddress(id) DEFERRABLE INITIALLY DEFERRED;


--
-- Name: auth_group_permissions auth_group_permissio_permission_id_84c5c92e_fk_auth_perm; Type: FK CONSTRAINT; Schema: public; Owner: root
--

ALTER TABLE ONLY public.auth_group_permissions
    ADD CONSTRAINT auth_group_permissio_permission_id_84c5c92e_fk_auth_perm FOREIGN KEY (permission_id) REFERENCES public.auth_permission(id) DEFERRABLE INITIALLY DEFERRED;


--
-- Name: auth_group_permissions auth_group_permissions_group_id_b120cbf9_fk_auth_group_id; Type: FK CONSTRAINT; Schema: public; Owner: root
--

ALTER TABLE ONLY public.auth_group_permissions
    ADD CONSTRAINT auth_group_permissions_group_id_b120cbf9_fk_auth_group_id FOREIGN KEY (group_id) REFERENCES public.auth_group(id) DEFERRABLE INITIALLY DEFERRED;


--
-- Name: auth_permission auth_permission_content_type_id_2f476e4b_fk_django_co; Type: FK CONSTRAINT; Schema: public; Owner: root
--

ALTER TABLE ONLY public.auth_permission
    ADD CONSTRAINT auth_permission_content_type_id_2f476e4b_fk_django_co FOREIGN KEY (content_type_id) REFERENCES public.django_content_type(id) DEFERRABLE INITIALLY DEFERRED;


--
-- Name: auth_user_groups auth_user_groups_group_id_97559544_fk_auth_group_id; Type: FK CONSTRAINT; Schema: public; Owner: root
--

ALTER TABLE ONLY public.auth_user_groups
    ADD CONSTRAINT auth_user_groups_group_id_97559544_fk_auth_group_id FOREIGN KEY (group_id) REFERENCES public.auth_group(id) DEFERRABLE INITIALLY DEFERRED;


--
-- Name: auth_user_groups auth_user_groups_user_id_6a12ed8b_fk_auth_user_id; Type: FK CONSTRAINT; Schema: public; Owner: root
--

ALTER TABLE ONLY public.auth_user_groups
    ADD CONSTRAINT auth_user_groups_user_id_6a12ed8b_fk_auth_user_id FOREIGN KEY (user_id) REFERENCES public.auth_user(id) DEFERRABLE INITIALLY DEFERRED;


--
-- Name: auth_user_user_permissions auth_user_user_permi_permission_id_1fbb5f2c_fk_auth_perm; Type: FK CONSTRAINT; Schema: public; Owner: root
--

ALTER TABLE ONLY public.auth_user_user_permissions
    ADD CONSTRAINT auth_user_user_permi_permission_id_1fbb5f2c_fk_auth_perm FOREIGN KEY (permission_id) REFERENCES public.auth_permission(id) DEFERRABLE INITIALLY DEFERRED;


--
-- Name: auth_user_user_permissions auth_user_user_permissions_user_id_a95ead1b_fk_auth_user_id; Type: FK CONSTRAINT; Schema: public; Owner: root
--

ALTER TABLE ONLY public.auth_user_user_permissions
    ADD CONSTRAINT auth_user_user_permissions_user_id_a95ead1b_fk_auth_user_id FOREIGN KEY (user_id) REFERENCES public.auth_user(id) DEFERRABLE INITIALLY DEFERRED;


--
-- Name: authtoken_token authtoken_token_user_id_35299eff_fk_auth_user_id; Type: FK CONSTRAINT; Schema: public; Owner: root
--

ALTER TABLE ONLY public.authtoken_token
    ADD CONSTRAINT authtoken_token_user_id_35299eff_fk_auth_user_id FOREIGN KEY (user_id) REFERENCES public.auth_user(id) DEFERRABLE INITIALLY DEFERRED;


--
-- Name: django_admin_log django_admin_log_content_type_id_c4bce8eb_fk_django_co; Type: FK CONSTRAINT; Schema: public; Owner: root
--

ALTER TABLE ONLY public.django_admin_log
    ADD CONSTRAINT django_admin_log_content_type_id_c4bce8eb_fk_django_co FOREIGN KEY (content_type_id) REFERENCES public.django_content_type(id) DEFERRABLE INITIALLY DEFERRED;


--
-- Name: django_admin_log django_admin_log_user_id_c564eba6_fk_auth_user_id; Type: FK CONSTRAINT; Schema: public; Owner: root
--

ALTER TABLE ONLY public.django_admin_log
    ADD CONSTRAINT django_admin_log_user_id_c564eba6_fk_auth_user_id FOREIGN KEY (user_id) REFERENCES public.auth_user(id) DEFERRABLE INITIALLY DEFERRED;


--
-- Name: maps_assets maps_assets_owner_id_c6403b26_fk_auth_user_id; Type: FK CONSTRAINT; Schema: public; Owner: root
--

ALTER TABLE ONLY public.maps_assets
    ADD CONSTRAINT maps_assets_owner_id_c6403b26_fk_auth_user_id FOREIGN KEY (owner_id) REFERENCES public.auth_user(id) DEFERRABLE INITIALLY DEFERRED;


--
-- Name: maps_expense maps_expense_owner_id_d327d8f9_fk_auth_user_id; Type: FK CONSTRAINT; Schema: public; Owner: root
--

ALTER TABLE ONLY public.maps_expense
    ADD CONSTRAINT maps_expense_owner_id_d327d8f9_fk_auth_user_id FOREIGN KEY (owner_id) REFERENCES public.auth_user(id) DEFERRABLE INITIALLY DEFERRED;


--
-- Name: maps_income maps_income_owner_id_72c1c0ab_fk_auth_user_id; Type: FK CONSTRAINT; Schema: public; Owner: root
--

ALTER TABLE ONLY public.maps_income
    ADD CONSTRAINT maps_income_owner_id_72c1c0ab_fk_auth_user_id FOREIGN KEY (owner_id) REFERENCES public.auth_user(id) DEFERRABLE INITIALLY DEFERRED;


--
-- Name: socialaccount_socialtoken socialaccount_social_account_id_951f210e_fk_socialacc; Type: FK CONSTRAINT; Schema: public; Owner: root
--

ALTER TABLE ONLY public.socialaccount_socialtoken
    ADD CONSTRAINT socialaccount_social_account_id_951f210e_fk_socialacc FOREIGN KEY (account_id) REFERENCES public.socialaccount_socialaccount(id) DEFERRABLE INITIALLY DEFERRED;


--
-- Name: socialaccount_socialtoken socialaccount_social_app_id_636a42d7_fk_socialacc; Type: FK CONSTRAINT; Schema: public; Owner: root
--

ALTER TABLE ONLY public.socialaccount_socialtoken
    ADD CONSTRAINT socialaccount_social_app_id_636a42d7_fk_socialacc FOREIGN KEY (app_id) REFERENCES public.socialaccount_socialapp(id) DEFERRABLE INITIALLY DEFERRED;


--
-- Name: socialaccount_socialapp_sites socialaccount_social_site_id_2579dee5_fk_django_si; Type: FK CONSTRAINT; Schema: public; Owner: root
--

ALTER TABLE ONLY public.socialaccount_socialapp_sites
    ADD CONSTRAINT socialaccount_social_site_id_2579dee5_fk_django_si FOREIGN KEY (site_id) REFERENCES public.django_site(id) DEFERRABLE INITIALLY DEFERRED;


--
-- Name: socialaccount_socialapp_sites socialaccount_social_socialapp_id_97fb6e7d_fk_socialacc; Type: FK CONSTRAINT; Schema: public; Owner: root
--

ALTER TABLE ONLY public.socialaccount_socialapp_sites
    ADD CONSTRAINT socialaccount_social_socialapp_id_97fb6e7d_fk_socialacc FOREIGN KEY (socialapp_id) REFERENCES public.socialaccount_socialapp(id) DEFERRABLE INITIALLY DEFERRED;


--
-- Name: socialaccount_socialaccount socialaccount_socialaccount_user_id_8146e70c_fk_auth_user_id; Type: FK CONSTRAINT; Schema: public; Owner: root
--

ALTER TABLE ONLY public.socialaccount_socialaccount
    ADD CONSTRAINT socialaccount_socialaccount_user_id_8146e70c_fk_auth_user_id FOREIGN KEY (user_id) REFERENCES public.auth_user(id) DEFERRABLE INITIALLY DEFERRED;


--
-- Name: translate_formatconfig translate_formatconfig_owner_id_eb366fbb_fk_auth_user_id; Type: FK CONSTRAINT; Schema: public; Owner: root
--

ALTER TABLE ONLY public.translate_formatconfig
    ADD CONSTRAINT translate_formatconfig_owner_id_eb366fbb_fk_auth_user_id FOREIGN KEY (owner_id) REFERENCES public.auth_user(id) DEFERRABLE INITIALLY DEFERRED;


--
-- Name: usersessions_usersession usersessions_usersession_user_id_af5e0a6d_fk_auth_user_id; Type: FK CONSTRAINT; Schema: public; Owner: root
--

ALTER TABLE ONLY public.usersessions_usersession
    ADD CONSTRAINT usersessions_usersession_user_id_af5e0a6d_fk_auth_user_id FOREIGN KEY (user_id) REFERENCES public.auth_user(id) DEFERRABLE INITIALLY DEFERRED;


--
-- PostgreSQL database dump complete
--

