--
-- PostgreSQL database dump
--

-- Dumped from database version 16.4 (Debian 16.4-1.pgdg120+1)
-- Dumped by pg_dump version 17.2

SET statement_timeout = 0;
SET lock_timeout = 0;
SET idle_in_transaction_session_timeout = 0;
SET transaction_timeout = 0;
SET client_encoding = 'UTF8';
SET standard_conforming_strings = on;
SELECT pg_catalog.set_config('search_path', '', false);
SET check_function_bodies = false;
SET xmloption = content;
SET client_min_messages = warning;
SET row_security = off;

--
-- Name: beancount-trans; Type: DATABASE; Schema: -; Owner: root
--

CREATE DATABASE "beancount-trans" WITH TEMPLATE = template0 ENCODING = 'UTF8' LOCALE_PROVIDER = libc LOCALE = 'en_US.utf8';


ALTER DATABASE "beancount-trans" OWNER TO root;

\connect -reuse-previous=on "dbname='beancount-trans'"

SET statement_timeout = 0;
SET lock_timeout = 0;
SET idle_in_transaction_session_timeout = 0;
SET transaction_timeout = 0;
SET client_encoding = 'UTF8';
SET standard_conforming_strings = on;
SELECT pg_catalog.set_config('search_path', '', false);
SET check_function_bodies = false;
SET xmloption = content;
SET client_min_messages = warning;
SET row_security = off;

SET default_tablespace = '';

SET default_table_access_method = heap;

--
-- Name: account_emailaddress; Type: TABLE; Schema: public; Owner: root
--

CREATE TABLE public.account_emailaddress (
    id integer NOT NULL,
    email character varying(254) NOT NULL,
    verified boolean NOT NULL,
    "primary" boolean NOT NULL,
    user_id integer NOT NULL
);


ALTER TABLE public.account_emailaddress OWNER TO root;

--
-- Name: account_emailaddress_id_seq; Type: SEQUENCE; Schema: public; Owner: root
--

ALTER TABLE public.account_emailaddress ALTER COLUMN id ADD GENERATED BY DEFAULT AS IDENTITY (
    SEQUENCE NAME public.account_emailaddress_id_seq
    START WITH 1
    INCREMENT BY 1
    NO MINVALUE
    NO MAXVALUE
    CACHE 1
);


--
-- Name: account_emailconfirmation; Type: TABLE; Schema: public; Owner: root
--

CREATE TABLE public.account_emailconfirmation (
    id integer NOT NULL,
    created timestamp with time zone NOT NULL,
    sent timestamp with time zone,
    key character varying(64) NOT NULL,
    email_address_id integer NOT NULL
);


ALTER TABLE public.account_emailconfirmation OWNER TO root;

--
-- Name: account_emailconfirmation_id_seq; Type: SEQUENCE; Schema: public; Owner: root
--

ALTER TABLE public.account_emailconfirmation ALTER COLUMN id ADD GENERATED BY DEFAULT AS IDENTITY (
    SEQUENCE NAME public.account_emailconfirmation_id_seq
    START WITH 1
    INCREMENT BY 1
    NO MINVALUE
    NO MAXVALUE
    CACHE 1
);


--
-- Name: auth_group; Type: TABLE; Schema: public; Owner: root
--

CREATE TABLE public.auth_group (
    id integer NOT NULL,
    name character varying(150) NOT NULL
);


ALTER TABLE public.auth_group OWNER TO root;

--
-- Name: auth_group_id_seq; Type: SEQUENCE; Schema: public; Owner: root
--

ALTER TABLE public.auth_group ALTER COLUMN id ADD GENERATED BY DEFAULT AS IDENTITY (
    SEQUENCE NAME public.auth_group_id_seq
    START WITH 1
    INCREMENT BY 1
    NO MINVALUE
    NO MAXVALUE
    CACHE 1
);


--
-- Name: auth_group_permissions; Type: TABLE; Schema: public; Owner: root
--

CREATE TABLE public.auth_group_permissions (
    id bigint NOT NULL,
    group_id integer NOT NULL,
    permission_id integer NOT NULL
);


ALTER TABLE public.auth_group_permissions OWNER TO root;

--
-- Name: auth_group_permissions_id_seq; Type: SEQUENCE; Schema: public; Owner: root
--

ALTER TABLE public.auth_group_permissions ALTER COLUMN id ADD GENERATED BY DEFAULT AS IDENTITY (
    SEQUENCE NAME public.auth_group_permissions_id_seq
    START WITH 1
    INCREMENT BY 1
    NO MINVALUE
    NO MAXVALUE
    CACHE 1
);


--
-- Name: auth_permission; Type: TABLE; Schema: public; Owner: root
--

CREATE TABLE public.auth_permission (
    id integer NOT NULL,
    name character varying(255) NOT NULL,
    content_type_id integer NOT NULL,
    codename character varying(100) NOT NULL
);


ALTER TABLE public.auth_permission OWNER TO root;

--
-- Name: auth_permission_id_seq; Type: SEQUENCE; Schema: public; Owner: root
--

ALTER TABLE public.auth_permission ALTER COLUMN id ADD GENERATED BY DEFAULT AS IDENTITY (
    SEQUENCE NAME public.auth_permission_id_seq
    START WITH 1
    INCREMENT BY 1
    NO MINVALUE
    NO MAXVALUE
    CACHE 1
);


--
-- Name: auth_user; Type: TABLE; Schema: public; Owner: root
--

CREATE TABLE public.auth_user (
    id integer NOT NULL,
    password character varying(128) NOT NULL,
    last_login timestamp with time zone,
    is_superuser boolean NOT NULL,
    username character varying(150) NOT NULL,
    first_name character varying(150) NOT NULL,
    last_name character varying(150) NOT NULL,
    email character varying(254) NOT NULL,
    is_staff boolean NOT NULL,
    is_active boolean NOT NULL,
    date_joined timestamp with time zone NOT NULL
);


ALTER TABLE public.auth_user OWNER TO root;

--
-- Name: auth_user_groups; Type: TABLE; Schema: public; Owner: root
--

CREATE TABLE public.auth_user_groups (
    id bigint NOT NULL,
    user_id integer NOT NULL,
    group_id integer NOT NULL
);


ALTER TABLE public.auth_user_groups OWNER TO root;

--
-- Name: auth_user_groups_id_seq; Type: SEQUENCE; Schema: public; Owner: root
--

ALTER TABLE public.auth_user_groups ALTER COLUMN id ADD GENERATED BY DEFAULT AS IDENTITY (
    SEQUENCE NAME public.auth_user_groups_id_seq
    START WITH 1
    INCREMENT BY 1
    NO MINVALUE
    NO MAXVALUE
    CACHE 1
);


--
-- Name: auth_user_id_seq; Type: SEQUENCE; Schema: public; Owner: root
--

ALTER TABLE public.auth_user ALTER COLUMN id ADD GENERATED BY DEFAULT AS IDENTITY (
    SEQUENCE NAME public.auth_user_id_seq
    START WITH 1
    INCREMENT BY 1
    NO MINVALUE
    NO MAXVALUE
    CACHE 1
);


--
-- Name: auth_user_user_permissions; Type: TABLE; Schema: public; Owner: root
--

CREATE TABLE public.auth_user_user_permissions (
    id bigint NOT NULL,
    user_id integer NOT NULL,
    permission_id integer NOT NULL
);


ALTER TABLE public.auth_user_user_permissions OWNER TO root;

--
-- Name: auth_user_user_permissions_id_seq; Type: SEQUENCE; Schema: public; Owner: root
--

ALTER TABLE public.auth_user_user_permissions ALTER COLUMN id ADD GENERATED BY DEFAULT AS IDENTITY (
    SEQUENCE NAME public.auth_user_user_permissions_id_seq
    START WITH 1
    INCREMENT BY 1
    NO MINVALUE
    NO MAXVALUE
    CACHE 1
);


--
-- Name: authtoken_token; Type: TABLE; Schema: public; Owner: root
--

CREATE TABLE public.authtoken_token (
    key character varying(40) NOT NULL,
    created timestamp with time zone NOT NULL,
    user_id integer NOT NULL
);


ALTER TABLE public.authtoken_token OWNER TO root;

--
-- Name: django_admin_log; Type: TABLE; Schema: public; Owner: root
--

CREATE TABLE public.django_admin_log (
    id integer NOT NULL,
    action_time timestamp with time zone NOT NULL,
    object_id text,
    object_repr character varying(200) NOT NULL,
    action_flag smallint NOT NULL,
    change_message text NOT NULL,
    content_type_id integer,
    user_id integer NOT NULL,
    CONSTRAINT django_admin_log_action_flag_check CHECK ((action_flag >= 0))
);


ALTER TABLE public.django_admin_log OWNER TO root;

--
-- Name: django_admin_log_id_seq; Type: SEQUENCE; Schema: public; Owner: root
--

ALTER TABLE public.django_admin_log ALTER COLUMN id ADD GENERATED BY DEFAULT AS IDENTITY (
    SEQUENCE NAME public.django_admin_log_id_seq
    START WITH 1
    INCREMENT BY 1
    NO MINVALUE
    NO MAXVALUE
    CACHE 1
);


--
-- Name: django_content_type; Type: TABLE; Schema: public; Owner: root
--

CREATE TABLE public.django_content_type (
    id integer NOT NULL,
    app_label character varying(100) NOT NULL,
    model character varying(100) NOT NULL
);


ALTER TABLE public.django_content_type OWNER TO root;

--
-- Name: django_content_type_id_seq; Type: SEQUENCE; Schema: public; Owner: root
--

ALTER TABLE public.django_content_type ALTER COLUMN id ADD GENERATED BY DEFAULT AS IDENTITY (
    SEQUENCE NAME public.django_content_type_id_seq
    START WITH 1
    INCREMENT BY 1
    NO MINVALUE
    NO MAXVALUE
    CACHE 1
);


--
-- Name: django_migrations; Type: TABLE; Schema: public; Owner: root
--

CREATE TABLE public.django_migrations (
    id bigint NOT NULL,
    app character varying(255) NOT NULL,
    name character varying(255) NOT NULL,
    applied timestamp with time zone NOT NULL
);


ALTER TABLE public.django_migrations OWNER TO root;

--
-- Name: django_migrations_id_seq; Type: SEQUENCE; Schema: public; Owner: root
--

ALTER TABLE public.django_migrations ALTER COLUMN id ADD GENERATED BY DEFAULT AS IDENTITY (
    SEQUENCE NAME public.django_migrations_id_seq
    START WITH 1
    INCREMENT BY 1
    NO MINVALUE
    NO MAXVALUE
    CACHE 1
);


--
-- Name: django_session; Type: TABLE; Schema: public; Owner: root
--

CREATE TABLE public.django_session (
    session_key character varying(40) NOT NULL,
    session_data text NOT NULL,
    expire_date timestamp with time zone NOT NULL
);


ALTER TABLE public.django_session OWNER TO root;

--
-- Name: django_site; Type: TABLE; Schema: public; Owner: root
--

CREATE TABLE public.django_site (
    id integer NOT NULL,
    domain character varying(100) NOT NULL,
    name character varying(50) NOT NULL
);


ALTER TABLE public.django_site OWNER TO root;

--
-- Name: django_site_id_seq; Type: SEQUENCE; Schema: public; Owner: root
--

ALTER TABLE public.django_site ALTER COLUMN id ADD GENERATED BY DEFAULT AS IDENTITY (
    SEQUENCE NAME public.django_site_id_seq
    START WITH 1
    INCREMENT BY 1
    NO MINVALUE
    NO MAXVALUE
    CACHE 1
);


--
-- Name: maps_assets; Type: TABLE; Schema: public; Owner: root
--

CREATE TABLE public.maps_assets (
    id bigint NOT NULL,
    created timestamp with time zone NOT NULL,
    modified timestamp with time zone NOT NULL,
    key character varying(16) NOT NULL,
    "full" character varying(16) NOT NULL,
    owner_id integer NOT NULL,
    assets character varying(64) NOT NULL
);


ALTER TABLE public.maps_assets OWNER TO root;

--
-- Name: maps_assets_id_seq; Type: SEQUENCE; Schema: public; Owner: root
--

ALTER TABLE public.maps_assets ALTER COLUMN id ADD GENERATED BY DEFAULT AS IDENTITY (
    SEQUENCE NAME public.maps_assets_id_seq
    START WITH 1
    INCREMENT BY 1
    NO MINVALUE
    NO MAXVALUE
    CACHE 1
);


--
-- Name: maps_expense; Type: TABLE; Schema: public; Owner: root
--

CREATE TABLE public.maps_expense (
    id bigint NOT NULL,
    created timestamp with time zone NOT NULL,
    modified timestamp with time zone NOT NULL,
    key character varying(16) NOT NULL,
    payee character varying(8),
    expend character varying(64) NOT NULL,
    owner_id integer NOT NULL
);


ALTER TABLE public.maps_expense OWNER TO root;

--
-- Name: maps_expense_id_seq; Type: SEQUENCE; Schema: public; Owner: root
--

ALTER TABLE public.maps_expense ALTER COLUMN id ADD GENERATED BY DEFAULT AS IDENTITY (
    SEQUENCE NAME public.maps_expense_id_seq
    START WITH 1
    INCREMENT BY 1
    NO MINVALUE
    NO MAXVALUE
    CACHE 1
);


--
-- Name: maps_income; Type: TABLE; Schema: public; Owner: root
--

CREATE TABLE public.maps_income (
    id bigint NOT NULL,
    created timestamp with time zone NOT NULL,
    modified timestamp with time zone NOT NULL,
    key character varying(16) NOT NULL,
    payer character varying(8),
    income character varying(64) NOT NULL,
    owner_id integer NOT NULL
);


ALTER TABLE public.maps_income OWNER TO root;

--
-- Name: maps_income_id_seq; Type: SEQUENCE; Schema: public; Owner: root
--

ALTER TABLE public.maps_income ALTER COLUMN id ADD GENERATED BY DEFAULT AS IDENTITY (
    SEQUENCE NAME public.maps_income_id_seq
    START WITH 1
    INCREMENT BY 1
    NO MINVALUE
    NO MAXVALUE
    CACHE 1
);


--
-- Name: owntracks_owntracklog; Type: TABLE; Schema: public; Owner: root
--

CREATE TABLE public.owntracks_owntracklog (
    id bigint NOT NULL,
    tid character varying(100) NOT NULL,
    lat double precision NOT NULL,
    lon double precision NOT NULL,
    creation_time timestamp with time zone NOT NULL
);


ALTER TABLE public.owntracks_owntracklog OWNER TO root;

--
-- Name: owntracks_owntracklog_id_seq; Type: SEQUENCE; Schema: public; Owner: root
--

ALTER TABLE public.owntracks_owntracklog ALTER COLUMN id ADD GENERATED BY DEFAULT AS IDENTITY (
    SEQUENCE NAME public.owntracks_owntracklog_id_seq
    START WITH 1
    INCREMENT BY 1
    NO MINVALUE
    NO MAXVALUE
    CACHE 1
);


--
-- Name: socialaccount_socialaccount; Type: TABLE; Schema: public; Owner: root
--

CREATE TABLE public.socialaccount_socialaccount (
    id integer NOT NULL,
    provider character varying(200) NOT NULL,
    uid character varying(191) NOT NULL,
    last_login timestamp with time zone NOT NULL,
    date_joined timestamp with time zone NOT NULL,
    extra_data jsonb NOT NULL,
    user_id integer NOT NULL
);


ALTER TABLE public.socialaccount_socialaccount OWNER TO root;

--
-- Name: socialaccount_socialaccount_id_seq; Type: SEQUENCE; Schema: public; Owner: root
--

ALTER TABLE public.socialaccount_socialaccount ALTER COLUMN id ADD GENERATED BY DEFAULT AS IDENTITY (
    SEQUENCE NAME public.socialaccount_socialaccount_id_seq
    START WITH 1
    INCREMENT BY 1
    NO MINVALUE
    NO MAXVALUE
    CACHE 1
);


--
-- Name: socialaccount_socialapp; Type: TABLE; Schema: public; Owner: root
--

CREATE TABLE public.socialaccount_socialapp (
    id integer NOT NULL,
    provider character varying(30) NOT NULL,
    name character varying(40) NOT NULL,
    client_id character varying(191) NOT NULL,
    secret character varying(191) NOT NULL,
    key character varying(191) NOT NULL,
    provider_id character varying(200) NOT NULL,
    settings jsonb NOT NULL
);


ALTER TABLE public.socialaccount_socialapp OWNER TO root;

--
-- Name: socialaccount_socialapp_id_seq; Type: SEQUENCE; Schema: public; Owner: root
--

ALTER TABLE public.socialaccount_socialapp ALTER COLUMN id ADD GENERATED BY DEFAULT AS IDENTITY (
    SEQUENCE NAME public.socialaccount_socialapp_id_seq
    START WITH 1
    INCREMENT BY 1
    NO MINVALUE
    NO MAXVALUE
    CACHE 1
);


--
-- Name: socialaccount_socialapp_sites; Type: TABLE; Schema: public; Owner: root
--

CREATE TABLE public.socialaccount_socialapp_sites (
    id bigint NOT NULL,
    socialapp_id integer NOT NULL,
    site_id integer NOT NULL
);


ALTER TABLE public.socialaccount_socialapp_sites OWNER TO root;

--
-- Name: socialaccount_socialapp_sites_id_seq; Type: SEQUENCE; Schema: public; Owner: root
--

ALTER TABLE public.socialaccount_socialapp_sites ALTER COLUMN id ADD GENERATED BY DEFAULT AS IDENTITY (
    SEQUENCE NAME public.socialaccount_socialapp_sites_id_seq
    START WITH 1
    INCREMENT BY 1
    NO MINVALUE
    NO MAXVALUE
    CACHE 1
);


--
-- Name: socialaccount_socialtoken; Type: TABLE; Schema: public; Owner: root
--

CREATE TABLE public.socialaccount_socialtoken (
    id integer NOT NULL,
    token text NOT NULL,
    token_secret text NOT NULL,
    expires_at timestamp with time zone,
    account_id integer NOT NULL,
    app_id integer
);


ALTER TABLE public.socialaccount_socialtoken OWNER TO root;

--
-- Name: socialaccount_socialtoken_id_seq; Type: SEQUENCE; Schema: public; Owner: root
--

ALTER TABLE public.socialaccount_socialtoken ALTER COLUMN id ADD GENERATED BY DEFAULT AS IDENTITY (
    SEQUENCE NAME public.socialaccount_socialtoken_id_seq
    START WITH 1
    INCREMENT BY 1
    NO MINVALUE
    NO MAXVALUE
    CACHE 1
);


--
-- Name: translate_formatconfig; Type: TABLE; Schema: public; Owner: root
--

CREATE TABLE public.translate_formatconfig (
    id bigint NOT NULL,
    flag character varying(1) NOT NULL,
    show_note boolean NOT NULL,
    show_tag boolean NOT NULL,
    show_time boolean NOT NULL,
    show_uuid boolean NOT NULL,
    show_status boolean NOT NULL,
    show_discount boolean NOT NULL,
    income_template character varying(50),
    owner_id integer NOT NULL
);


ALTER TABLE public.translate_formatconfig OWNER TO root;

--
-- Name: translate_formatconfig_id_seq; Type: SEQUENCE; Schema: public; Owner: root
--

ALTER TABLE public.translate_formatconfig ALTER COLUMN id ADD GENERATED BY DEFAULT AS IDENTITY (
    SEQUENCE NAME public.translate_formatconfig_id_seq
    START WITH 1
    INCREMENT BY 1
    NO MINVALUE
    NO MAXVALUE
    CACHE 1
);


--
-- Name: usersessions_usersession; Type: TABLE; Schema: public; Owner: root
--

CREATE TABLE public.usersessions_usersession (
    id bigint NOT NULL,
    created_at timestamp with time zone NOT NULL,
    ip inet NOT NULL,
    last_seen_at timestamp with time zone NOT NULL,
    session_key character varying(40) NOT NULL,
    user_agent character varying(200) NOT NULL,
    data jsonb NOT NULL,
    user_id integer NOT NULL
);


ALTER TABLE public.usersessions_usersession OWNER TO root;

--
-- Name: usersessions_usersession_id_seq; Type: SEQUENCE; Schema: public; Owner: root
--

ALTER TABLE public.usersessions_usersession ALTER COLUMN id ADD GENERATED BY DEFAULT AS IDENTITY (
    SEQUENCE NAME public.usersessions_usersession_id_seq
    START WITH 1
    INCREMENT BY 1
    NO MINVALUE
    NO MAXVALUE
    CACHE 1
);


--
-- Data for Name: account_emailaddress; Type: TABLE DATA; Schema: public; Owner: root
--

COPY public.account_emailaddress (id, email, verified, "primary", user_id) FROM stdin;
\.


--
-- Data for Name: account_emailconfirmation; Type: TABLE DATA; Schema: public; Owner: root
--

COPY public.account_emailconfirmation (id, created, sent, key, email_address_id) FROM stdin;
\.


--
-- Data for Name: auth_group; Type: TABLE DATA; Schema: public; Owner: root
--

COPY public.auth_group (id, name) FROM stdin;
\.


--
-- Data for Name: auth_group_permissions; Type: TABLE DATA; Schema: public; Owner: root
--

COPY public.auth_group_permissions (id, group_id, permission_id) FROM stdin;
\.


--
-- Data for Name: auth_permission; Type: TABLE DATA; Schema: public; Owner: root
--

COPY public.auth_permission (id, name, content_type_id, codename) FROM stdin;
81	Can add 格式配置	21	add_formatconfig
82	Can change 格式配置	21	change_formatconfig
83	Can delete 格式配置	21	delete_formatconfig
84	Can view 格式配置	21	view_formatconfig
1	Can add log entry	1	add_logentry
2	Can change log entry	1	change_logentry
3	Can delete log entry	1	delete_logentry
4	Can view log entry	1	view_logentry
5	Can add permission	2	add_permission
6	Can change permission	2	change_permission
7	Can delete permission	2	delete_permission
8	Can view permission	2	view_permission
9	Can add group	3	add_group
10	Can change group	3	change_group
11	Can delete group	3	delete_group
12	Can view group	3	view_group
13	Can add user	4	add_user
14	Can change user	4	change_user
15	Can delete user	4	delete_user
16	Can view user	4	view_user
17	Can add content type	5	add_contenttype
18	Can change content type	5	change_contenttype
19	Can delete content type	5	delete_contenttype
20	Can view content type	5	view_contenttype
21	Can add session	6	add_session
22	Can change session	6	change_session
23	Can delete session	6	delete_session
24	Can view session	6	view_session
25	Can add site	7	add_site
26	Can change site	7	change_site
27	Can delete site	7	delete_site
28	Can view site	7	view_site
45	Can add Token	12	add_token
29	Can add 资产映射	8	add_assets
30	Can change 资产映射	8	change_assets
31	Can delete 资产映射	8	delete_assets
32	Can view 资产映射	8	view_assets
33	Can add 支出映射	9	add_expense
34	Can change 支出映射	9	change_expense
35	Can delete 支出映射	9	delete_expense
36	Can view 支出映射	9	view_expense
37	Can add 收入映射	10	add_income
38	Can change 收入映射	10	change_income
39	Can delete 收入映射	10	delete_income
40	Can view 收入映射	10	view_income
41	Can add OwnTrackLogs	11	add_owntracklog
42	Can change OwnTrackLogs	11	change_owntracklog
43	Can delete OwnTrackLogs	11	delete_owntracklog
44	Can view OwnTrackLogs	11	view_owntracklog
46	Can change Token	12	change_token
47	Can delete Token	12	delete_token
48	Can view Token	12	view_token
49	Can add Token	13	add_tokenproxy
50	Can change Token	13	change_tokenproxy
51	Can delete Token	13	delete_tokenproxy
52	Can view Token	13	view_tokenproxy
53	Can add email address	14	add_emailaddress
54	Can change email address	14	change_emailaddress
55	Can delete email address	14	delete_emailaddress
56	Can view email address	14	view_emailaddress
57	Can add email confirmation	15	add_emailconfirmation
58	Can change email confirmation	15	change_emailconfirmation
59	Can delete email confirmation	15	delete_emailconfirmation
60	Can view email confirmation	15	view_emailconfirmation
61	Can add social account	16	add_socialaccount
62	Can change social account	16	change_socialaccount
63	Can delete social account	16	delete_socialaccount
64	Can view social account	16	view_socialaccount
65	Can add social application	17	add_socialapp
66	Can change social application	17	change_socialapp
67	Can delete social application	17	delete_socialapp
68	Can view social application	17	view_socialapp
69	Can add social application token	18	add_socialtoken
70	Can change social application token	18	change_socialtoken
71	Can delete social application token	18	delete_socialtoken
72	Can view social application token	18	view_socialtoken
73	Can add authenticator	19	add_authenticator
74	Can change authenticator	19	change_authenticator
75	Can delete authenticator	19	delete_authenticator
76	Can view authenticator	19	view_authenticator
77	Can add user session	20	add_usersession
78	Can change user session	20	change_usersession
79	Can delete user session	20	delete_usersession
80	Can view user session	20	view_usersession
\.


--
-- Data for Name: auth_user; Type: TABLE DATA; Schema: public; Owner: root
--

COPY public.auth_user (id, password, last_login, is_superuser, username, first_name, last_name, email, is_staff, is_active, date_joined) FROM stdin;
1	pbkdf2_sha256$870000$lyBMcHYn9A1CuNN2x2S24p$z9gFYH5zWqPtT4oS3s1essXYiRXNk4EUf/Axz0U/baw=	2025-03-21 06:58:38.089934+00	t	admin				t	t	2024-10-18 08:57:23.83+00
\.


--
-- Data for Name: auth_user_groups; Type: TABLE DATA; Schema: public; Owner: root
--

COPY public.auth_user_groups (id, user_id, group_id) FROM stdin;
\.


--
-- Data for Name: auth_user_user_permissions; Type: TABLE DATA; Schema: public; Owner: root
--

COPY public.auth_user_user_permissions (id, user_id, permission_id) FROM stdin;
\.


--
-- Data for Name: authtoken_token; Type: TABLE DATA; Schema: public; Owner: root
--

COPY public.authtoken_token (key, created, user_id) FROM stdin;
\.


--
-- Data for Name: django_admin_log; Type: TABLE DATA; Schema: public; Owner: root
--

COPY public.django_admin_log (id, action_time, object_id, object_repr, action_flag, change_message, content_type_id, user_id) FROM stdin;
431	2025-03-21 07:05:52.319497+00	51	daihaorui	3		4	1
\.


--
-- Data for Name: django_content_type; Type: TABLE DATA; Schema: public; Owner: root
--

COPY public.django_content_type (id, app_label, model) FROM stdin;
1	admin	logentry
2	auth	permission
3	auth	group
4	auth	user
5	contenttypes	contenttype
6	sessions	session
7	sites	site
8	translate	assets
9	translate	expense
10	translate	income
11	owntracks	owntracklog
12	authtoken	token
13	authtoken	tokenproxy
14	account	emailaddress
15	account	emailconfirmation
16	socialaccount	socialaccount
17	socialaccount	socialapp
18	socialaccount	socialtoken
19	mfa	authenticator
20	usersessions	usersession
21	translate	formatconfig
\.


--
-- Data for Name: django_migrations; Type: TABLE DATA; Schema: public; Owner: root
--

COPY public.django_migrations (id, app, name, applied) FROM stdin;
1	contenttypes	0001_initial	2025-01-10 06:17:06.198715+00
2	auth	0001_initial	2025-01-10 06:17:06.336572+00
3	account	0001_initial	2025-01-10 06:17:06.406228+00
4	account	0002_email_max_length	2025-01-10 06:17:06.42981+00
5	account	0003_alter_emailaddress_create_unique_verified_email	2025-01-10 06:17:06.469029+00
6	account	0004_alter_emailaddress_drop_unique_email	2025-01-10 06:17:06.499274+00
7	account	0005_emailaddress_idx_upper_email	2025-01-10 06:17:06.515617+00
8	account	0006_emailaddress_lower	2025-01-10 06:17:06.536307+00
9	account	0007_emailaddress_idx_email	2025-01-10 06:17:06.566952+00
10	account	0008_emailaddress_unique_primary_email_fixup	2025-01-10 06:17:06.576972+00
11	account	0009_emailaddress_unique_primary_email	2025-01-10 06:17:06.586228+00
12	admin	0001_initial	2025-01-10 06:17:06.611407+00
13	admin	0002_logentry_remove_auto_add	2025-01-10 06:17:06.623754+00
14	admin	0003_logentry_add_action_flag_choices	2025-01-10 06:17:06.633034+00
15	contenttypes	0002_remove_content_type_name	2025-01-10 06:17:06.64387+00
16	auth	0002_alter_permission_name_max_length	2025-01-10 06:17:06.650857+00
17	auth	0003_alter_user_email_max_length	2025-01-10 06:17:06.656627+00
18	auth	0004_alter_user_username_opts	2025-01-10 06:17:06.662213+00
19	auth	0005_alter_user_last_login_null	2025-01-10 06:17:06.668636+00
20	auth	0006_require_contenttypes_0002	2025-01-10 06:17:06.671476+00
21	auth	0007_alter_validators_add_error_messages	2025-01-10 06:17:06.679941+00
22	auth	0008_alter_user_username_max_length	2025-01-10 06:17:06.690767+00
23	auth	0009_alter_user_last_name_max_length	2025-01-10 06:17:06.69779+00
24	auth	0010_alter_group_name_max_length	2025-01-10 06:17:06.704085+00
25	auth	0011_update_proxy_permissions	2025-01-10 06:17:06.711049+00
26	auth	0012_alter_user_first_name_max_length	2025-01-10 06:17:06.716791+00
27	authtoken	0001_initial	2025-01-10 06:17:06.736922+00
28	authtoken	0002_auto_20160226_1747	2025-01-10 06:17:06.762822+00
29	authtoken	0003_tokenproxy	2025-01-10 06:17:06.766162+00
30	authtoken	0004_alter_tokenproxy_options	2025-01-10 06:17:06.771087+00
31	owntracks	0001_initial	2025-01-10 06:17:06.78005+00
32	sessions	0001_initial	2025-01-10 06:17:06.807067+00
33	sites	0001_initial	2025-01-10 06:17:06.816383+00
34	sites	0002_alter_domain_unique	2025-01-10 06:17:06.829996+00
35	socialaccount	0001_initial	2025-01-10 06:17:06.952472+00
36	socialaccount	0002_token_max_lengths	2025-01-10 06:17:06.975317+00
37	socialaccount	0003_extra_data_default_dict	2025-01-10 06:17:06.986362+00
38	socialaccount	0004_app_provider_id_settings	2025-01-10 06:17:06.999465+00
39	socialaccount	0005_socialtoken_nullable_app	2025-01-10 06:17:07.009589+00
40	socialaccount	0006_alter_socialaccount_extra_data	2025-01-10 06:17:07.029238+00
41	translate	0001_initial	2025-01-10 06:17:07.043874+00
42	translate	0002_initial	2025-01-10 06:17:07.072863+00
43	translate	0003_remove_expense_payee_order	2025-01-10 06:17:07.081171+00
44	translate	0004_alter_assets_options_remove_assets_income_and_more	2025-01-10 06:17:07.117467+00
45	translate	0005_remove_expense_classification_remove_expense_tag	2025-01-10 06:17:07.129357+00
46	usersessions	0001_initial	2025-01-10 06:17:07.159266+00
47	translate	0006_formatconfig	2025-03-20 04:50:52.378828+00
\.


--
-- Data for Name: django_session; Type: TABLE DATA; Schema: public; Owner: root
--

COPY public.django_session (session_key, session_data, expire_date) FROM stdin;
\.


--
-- Data for Name: django_site; Type: TABLE DATA; Schema: public; Owner: root
--

COPY public.django_site (id, domain, name) FROM stdin;
1	example.com	example.com
2	127.0.0.1	127.0.0.1
3	http://127.0.0.1:8002/	http://127.0.0.1:8002/
4	http://localhost:5173/	http://localhost:5173/
\.


--
-- Data for Name: maps_assets; Type: TABLE DATA; Schema: public; Owner: root
--

COPY public.maps_assets (id, created, modified, key, "full", owner_id, assets) FROM stdin;
155	2024-10-18 08:58:16.416+00	2024-10-18 08:58:16.416+00	5522	中国建设银行储蓄卡(5522)	1	Assets:Savings:Bank:CCB:C5522
156	2024-10-18 08:58:16.424+00	2024-10-18 08:58:16.424+00	6428	中信银行信用卡(6428)	1	Liabilities:CreditCard:Bank:CITIC:C6428
157	2024-10-18 08:58:16.43+00	2024-10-18 08:58:16.43+00	零钱通	微信零钱通	1	Assets:Savings:Web:WechatFund
158	2024-10-18 08:58:16.438+00	2024-10-18 08:58:16.438+00	零钱	微信零钱	1	Assets:Savings:Web:WechatPay
159	2024-10-18 08:58:16.447+00	2024-10-18 08:58:16.447+00	/	微信零钱	1	Assets:Savings:Web:WechatPay
160	2024-10-18 08:58:16.454+00	2024-10-18 08:58:16.454+00	8837	中国招商银行储蓄卡(8837)	1	Assets:Savings:Bank:CMB:C8837
161	2024-10-18 08:58:16.463+00	2024-10-18 08:58:16.463+00	1746	宁波银行储蓄卡(1746)	1	Assets:Savings:Bank:NBCB:C1746
162	2024-10-18 08:58:16.47+00	2024-10-18 08:58:16.471+00	8273	中国农业银行储蓄卡(8273)	1	Assets:Savings:Bank:ABC:C8273
163	2024-10-18 08:58:16.479+00	2024-10-18 08:58:16.479+00	7651	中国工商银行储蓄卡(7651)	1	Assets:Savings:Bank:ICBC:C7651
164	2024-10-18 08:58:16.486+00	2024-10-18 08:58:16.486+00	5244	中国工商银行储蓄卡(5244)	1	Assets:Savings:Bank:ICBC:C5244
165	2024-10-18 08:58:16.493+00	2024-10-18 08:58:16.493+00	5636	华夏银行储蓄卡(5636)	1	Assets:Savings:Bank:HXB:C5636
166	2024-10-18 08:58:16.5+00	2024-10-18 08:58:16.501+00	余额宝	支付宝余额宝	1	Assets:Savings:Web:AliFund
167	2024-10-18 08:58:16.509+00	2024-10-18 08:58:16.509+00	余额	支付宝余额	1	Assets:Savings:Web:AliPay
168	2024-10-18 08:58:16.519+00	2024-10-18 08:58:16.519+00	戴某轩	小荷包(戴某轩)	1	Assets:Savings:Web:XiaoHeBao:DaiMouXuan
169	2024-10-18 08:58:16.526+00	2024-10-18 08:58:16.526+00	账户余额	支付宝余额	1	Assets:Savings:Web:AliPay
170	2024-10-18 08:58:16.533+00	2024-10-18 08:58:16.533+00	花呗	支付宝花呗	1	Liabilities:CreditCard:Web:HuaBei
171	2024-10-18 08:58:16.542+00	2024-10-18 08:58:16.542+00	4523	中国招商银行信用卡(4523)	1	Liabilities:CreditCard:Bank:CMB:C4523
172	2024-10-18 08:58:16.552+00	2024-10-18 08:58:16.552+00	8313	中国招商银行信用卡(8313)	1	Liabilities:CreditCard:Bank:CMB:C8313
173	2024-10-18 08:58:16.561+00	2024-10-18 08:58:16.561+00	9813	中国招商银行信用卡(9813)	1	Liabilities:CreditCard:Bank:CMB:C9813
174	2024-10-18 08:58:16.569+00	2024-10-18 08:58:16.569+00	0005	浙江农商银行储蓄卡(0005)	1	Assets:Savings:Bank:ZJRCUB:C0005
175	2024-10-18 08:58:16.577+00	2024-10-18 08:58:16.577+00	0814	中国银行储蓄卡(0814)	1	Assets:Savings:Bank:BOC:C0814
176	2024-10-18 08:58:16.585+00	2024-10-18 08:58:16.585+00	4144	中国光大银行储蓄卡(4144)	1	Assets:Savings:Bank:CEB:C4144
\.


--
-- Data for Name: maps_expense; Type: TABLE DATA; Schema: public; Owner: root
--

COPY public.maps_expense (id, created, modified, key, payee, expend, owner_id) FROM stdin;
1642	2025-03-12 06:56:40.697489+00	2025-03-12 06:56:40.697498+00	蜜雪冰城	蜜雪冰城	Expenses:Food:DrinkFruit	1
1643	2025-03-12 06:56:40.701803+00	2025-03-12 06:56:40.701807+00	停车		Expenses:TransPort:Private:Park	1
1644	2025-03-12 06:56:40.704659+00	2025-03-12 06:56:40.704669+00	浙C		Expenses:TransPort:Private:Park	1
1645	2025-03-12 06:56:40.707542+00	2025-03-12 06:56:40.707552+00	鲜花		Expenses:Culture	1
1646	2025-03-12 06:56:40.710211+00	2025-03-12 06:56:40.710219+00	古茗	古茗	Expenses:Food:DrinkFruit	1
1647	2025-03-12 06:56:40.712757+00	2025-03-12 06:56:40.712766+00	益味坊	益味坊	Expenses:Food:Breakfast	1
1648	2025-03-12 06:56:40.715418+00	2025-03-12 06:56:40.715423+00	塔斯汀	塔斯汀	Expenses:Food	1
1649	2025-03-12 06:56:40.717972+00	2025-03-12 06:56:40.717977+00	十足	十足	Expenses:Food	1
1650	2025-03-12 06:56:40.720445+00	2025-03-12 06:56:40.720453+00	一点点	一点点	Expenses:Food:DrinkFruit	1
1651	2025-03-12 06:56:40.722974+00	2025-03-12 06:56:40.722983+00	luckin	瑞幸	Expenses:Food:DrinkFruit	1
1652	2025-03-12 06:56:40.725828+00	2025-03-12 06:56:40.725838+00	娘娘大人	娘娘大人	Expenses:Food	1
1653	2025-03-12 06:56:40.72862+00	2025-03-12 06:56:40.728628+00	老婆大人	老婆大人	Assets:Savings:Recharge:LaoPoDaRen	1
1654	2025-03-12 06:56:40.731226+00	2025-03-12 06:56:40.731234+00	茶百道	茶百道	Expenses:Food:DrinkFruit	1
1655	2025-03-12 06:56:40.733743+00	2025-03-12 06:56:40.733753+00	京东	京东	Expenses:Shopping	1
1656	2025-03-12 06:56:40.736603+00	2025-03-12 06:56:40.736612+00	包月		Expenses:Culture:Subscription	1
1657	2025-03-12 06:56:40.739435+00	2025-03-12 06:56:40.739444+00	正新鸡排	正新鸡排	Expenses:Food	1
1658	2025-03-12 06:56:40.742477+00	2025-03-12 06:56:40.742493+00	奇虎智能	360	Expenses:Shopping:Digital	1
1659	2025-03-12 06:56:40.745653+00	2025-03-12 06:56:40.745668+00	Petal On	华为	Expenses:Culture:Subscription	1
1660	2025-03-12 06:56:40.749234+00	2025-03-12 06:56:40.749254+00	药房		Expenses:Health:Medical	1
1661	2025-03-12 06:56:40.752999+00	2025-03-12 06:56:40.753015+00	药店		Expenses:Health:Medical	1
1662	2025-03-12 06:56:40.756461+00	2025-03-12 06:56:40.756484+00	餐饮		Expenses:Food	1
1663	2025-03-12 06:56:40.759693+00	2025-03-12 06:56:40.75971+00	食品		Expenses:Food	1
1664	2025-03-12 06:56:40.763238+00	2025-03-12 06:56:40.76326+00	深圳市腾讯天游科技有限公司		Expenses:Culture:Entertainment	1
1665	2025-03-12 06:56:40.767053+00	2025-03-12 06:56:40.767071+00	水果		Expenses:Food:DrinkFruit	1
1666	2025-03-12 06:56:40.770438+00	2025-03-12 06:56:40.770448+00	早餐		Expenses:Food:Breakfast	1
1667	2025-03-12 06:56:40.773741+00	2025-03-12 06:56:40.773762+00	充电		Expenses:TransPort:Private:Fuel	1
1668	2025-03-12 06:56:40.777454+00	2025-03-12 06:56:40.777468+00	加油		Expenses:TransPort:Private:Fuel	1
1669	2025-03-12 06:56:40.781278+00	2025-03-12 06:56:40.7813+00	供电局	国家电网	Expenses:Home:Recharge	1
1670	2025-03-12 06:56:40.784702+00	2025-03-12 06:56:40.784716+00	ETC		Expenses:TransPort:Public	1
1671	2025-03-12 06:56:40.788164+00	2025-03-12 06:56:40.788187+00	华为终端有限公司	华为	Expenses:Shopping:Digital	1
1672	2025-03-12 06:56:40.791635+00	2025-03-12 06:56:40.791651+00	饿了么	饿了么	Expenses:Food	1
1673	2025-03-12 06:56:40.795178+00	2025-03-12 06:56:40.795197+00	美团平台商户	美团	Expenses:Food	1
1674	2025-03-12 06:56:40.798151+00	2025-03-12 06:56:40.798166+00	地铁		Expenses:TransPort:Public	1
1675	2025-03-12 06:56:40.801525+00	2025-03-12 06:56:40.801539+00	国网智慧车联网	国家电网	Expenses:TransPort:Private:Fuel	1
1676	2025-03-12 06:56:40.804632+00	2025-03-12 06:56:40.804642+00	肯德基	肯德基	Expenses:Food	1
1677	2025-03-12 06:56:40.807758+00	2025-03-12 06:56:40.807773+00	华为	华为	Expenses:Shopping	1
1678	2025-03-12 06:56:40.810543+00	2025-03-12 06:56:40.810551+00	沙县小吃	沙县小吃	Expenses:Food	1
1679	2025-03-12 06:56:40.813334+00	2025-03-12 06:56:40.813342+00	一鸣	一鸣	Expenses:Food	1
1680	2025-03-12 06:56:40.816243+00	2025-03-12 06:56:40.816252+00	之上	之上	Expenses:Food	1
1681	2025-03-12 06:56:40.819828+00	2025-03-12 06:56:40.819841+00	大疆		Expenses:Shopping:Digital	1
1682	2025-03-12 06:56:40.822836+00	2025-03-12 06:56:40.822847+00	12306	12306	Expenses:TransPort:Public	1
1683	2025-03-12 06:56:40.825857+00	2025-03-12 06:56:40.825868+00	阿里云	阿里云	Expenses:Culture:Subscription	1
1684	2025-03-12 06:56:40.82885+00	2025-03-12 06:56:40.828863+00	电影		Expenses:Culture:Entertainment	1
1685	2025-03-12 06:56:40.832151+00	2025-03-12 06:56:40.832167+00	火车票		Expenses:TransPort:Public	1
1686	2025-03-12 06:56:40.835244+00	2025-03-12 06:56:40.835255+00	高铁		Expenses:TransPort:Public	1
1687	2025-03-12 06:56:40.838375+00	2025-03-12 06:56:40.838391+00	机票		Expenses:TransPort:Public	1
1688	2025-03-12 06:56:40.841524+00	2025-03-12 06:56:40.841537+00	医疗		Expenses:Health:Outpatient	1
1689	2025-03-12 06:56:40.844346+00	2025-03-12 06:56:40.844361+00	医生		Expenses:Health:Outpatient	1
1690	2025-03-12 06:56:40.847611+00	2025-03-12 06:56:40.847623+00	医用		Expenses:Health:Outpatient	1
1691	2025-03-12 06:56:40.850829+00	2025-03-12 06:56:40.850843+00	小吃		Expenses:Food	1
1692	2025-03-12 06:56:40.853891+00	2025-03-12 06:56:40.853901+00	餐厅		Expenses:Food	1
1693	2025-03-12 06:56:40.856297+00	2025-03-12 06:56:40.856305+00	小食		Expenses:Food	1
1694	2025-03-12 06:56:40.859109+00	2025-03-12 06:56:40.859117+00	旗舰店	淘宝	Expenses:Shopping	1
1695	2025-03-12 06:56:40.861825+00	2025-03-12 06:56:40.861833+00	粮粮驾到	粮粮驾到	Assets:Savings:Recharge:LiangLiangJiaDao	1
1696	2025-03-12 06:56:40.864471+00	2025-03-12 06:56:40.864478+00	中国石油	中国石油	Expenses:TransPort:Private:Fuel	1
1697	2025-03-12 06:56:40.866841+00	2025-03-12 06:56:40.866847+00	酒店		Expenses:Culture	1
1698	2025-03-12 06:56:40.869707+00	2025-03-12 06:56:40.869715+00	高德	高德	Expenses:TransPort:Public	1
1699	2025-03-12 06:56:40.87245+00	2025-03-12 06:56:40.872459+00	烟酒		Expenses:Food:DrinkFruit	1
1700	2025-03-12 06:56:40.875076+00	2025-03-12 06:56:40.875084+00	理发		Expenses:Shopping:Makeup	1
1701	2025-03-12 06:56:40.877467+00	2025-03-12 06:56:40.877475+00	美发		Expenses:Shopping:Makeup	1
1702	2025-03-12 06:56:40.880498+00	2025-03-12 06:56:40.88051+00	美容		Expenses:Shopping:Makeup	1
1703	2025-03-12 06:56:40.883755+00	2025-03-12 06:56:40.883767+00	华莱士	华莱士	Expenses:Food	1
1704	2025-03-12 06:56:40.886942+00	2025-03-12 06:56:40.886953+00	晚餐		Expenses:Food:Dinner	1
1705	2025-03-12 06:56:40.88963+00	2025-03-12 06:56:40.889641+00	午餐		Expenses:Food:Lunch	1
1706	2025-03-12 06:56:40.892792+00	2025-03-12 06:56:40.892803+00	新时沏	新时沏	Expenses:Food:DrinkFruit	1
1707	2025-03-12 06:56:40.895924+00	2025-03-12 06:56:40.895936+00	得物	得物	Expenses:Shopping:Clothing	1
1708	2025-03-12 06:56:40.898789+00	2025-03-12 06:56:40.898797+00	拼多多	拼多多	Expenses:Shopping	1
1709	2025-03-12 06:56:40.901299+00	2025-03-12 06:56:40.901309+00	移动	中国移动	Assets:Savings:Recharge:Operator:Mobile:C6428	1
1710	2025-03-12 06:56:40.904658+00	2025-03-12 06:56:40.904674+00	电信	中国电信	Assets:Savings:Recharge:Operator:Telecom:C6428	1
1711	2025-03-12 06:56:40.90813+00	2025-03-12 06:56:40.908144+00	联通	中国联通	Assets:Savings:Recharge:Operator:Unicom:C6428	1
1712	2025-03-12 06:56:40.911278+00	2025-03-12 06:56:40.911289+00	深圳市腾讯计算机系统有限公司		Expenses:Culture	1
1713	2025-03-12 06:56:40.914005+00	2025-03-12 06:56:40.914021+00	胖哥俩	胖哥俩	Expenses:Food	1
1714	2025-03-12 06:56:40.917308+00	2025-03-12 06:56:40.917323+00	服装		Expenses:Shopping:Clothing	1
1715	2025-03-12 06:56:40.920599+00	2025-03-12 06:56:40.920614+00	衣服		Expenses:Shopping:Clothing	1
1716	2025-03-12 06:56:40.925262+00	2025-03-12 06:56:40.925273+00	裤子		Expenses:Shopping:Clothing	1
1717	2025-03-12 06:56:40.929829+00	2025-03-12 06:56:40.929843+00	鞋子		Expenses:Shopping:Clothing	1
1718	2025-03-12 06:56:40.932709+00	2025-03-12 06:56:40.932723+00	袜子		Expenses:Shopping:Clothing	1
1719	2025-03-12 06:56:40.935852+00	2025-03-12 06:56:40.935861+00	华为软件技术有限公司	华为	Expenses:Culture:Subscription	1
1720	2025-03-12 06:56:40.938841+00	2025-03-12 06:56:40.938851+00	淘宝	淘宝	Expenses:Shopping	1
1721	2025-03-12 06:56:40.941632+00	2025-03-12 06:56:40.941639+00	医保		Expenses:Health:Outpatient	1
1722	2025-03-12 06:56:40.944055+00	2025-03-12 06:56:40.944063+00	自动续费		Expenses:Culture:Subscription	1
1723	2025-03-12 06:56:40.946942+00	2025-03-12 06:56:40.94695+00	诊疗		Expenses:Health:Outpatient	1
1724	2025-03-12 06:56:40.949729+00	2025-03-12 06:56:40.949736+00	卫生		Expenses:Health:Outpatient	1
1725	2025-03-12 06:56:40.952415+00	2025-03-12 06:56:40.952423+00	彩票		Expenses:Culture	1
1726	2025-03-12 06:56:40.954944+00	2025-03-12 06:56:40.954956+00	超市		Expenses:Shopping	1
1727	2025-03-12 06:56:40.958017+00	2025-03-12 06:56:40.958025+00	大润发		Expenses:Shopping	1
1728	2025-03-12 06:56:40.960849+00	2025-03-12 06:56:40.960856+00	便利店		Expenses:Shopping	1
1729	2025-03-12 06:56:40.963507+00	2025-03-12 06:56:40.963515+00	兰州拉面	兰州拉面	Expenses:Food	1
1730	2025-03-12 06:56:40.966138+00	2025-03-12 06:56:40.966151+00	供水	国家水网	Expenses:Home:Recharge	1
1731	2025-03-12 06:56:40.969215+00	2025-03-12 06:56:40.969226+00	绝味鸭脖	绝味鸭脖	Expenses:Food	1
1732	2025-03-12 06:56:40.972067+00	2025-03-12 06:56:40.972076+00	舒活食品	一鸣	Assets:Savings:Recharge:YiMing	1
1733	2025-03-12 06:56:40.974728+00	2025-03-12 06:56:40.974736+00	抖音生活服务	抖音	Expenses:Food	1
1734	2025-03-12 06:56:40.97712+00	2025-03-12 06:56:40.977128+00	医药		Expenses:Health:Outpatient	1
1735	2025-03-12 06:56:40.979929+00	2025-03-12 06:56:40.979937+00	饮料		Expenses:Food:DrinkFruit	1
1736	2025-03-12 06:56:40.982643+00	2025-03-12 06:56:40.98265+00	抖音月付	抖音	Liabilities:CreditCard:Web:DouYin	1
1737	2025-03-12 06:56:40.985376+00	2025-03-12 06:56:40.985387+00	公益		Expenses:Culture	1
1738	2025-03-12 06:56:40.987927+00	2025-03-12 06:56:40.987936+00	等多件		Expenses:Shopping	1
1739	2025-03-12 06:56:40.991104+00	2025-03-12 06:56:40.991112+00	喜茶	喜茶	Expenses:Food:DrinkFruit	1
1740	2025-03-12 06:56:40.993828+00	2025-03-12 06:56:40.993835+00	支付宝小荷包(戴豪轩)	戴豪轩	Assets:Savings:Web:XiaoHeBao:DaiHaoXuan	1
1741	2025-03-12 06:56:40.996369+00	2025-03-12 06:56:40.996376+00	倍耐力		Expenses:TransPort:Private	1
1742	2025-03-12 06:56:40.998663+00	2025-03-12 06:56:40.998671+00	娱乐		Expenses:Culture:Entertainment	1
1743	2025-03-12 06:56:41.001379+00	2025-03-12 06:56:41.001386+00	上海拉扎斯信息科技有限公司	饿了么	Expenses:Food	1
1744	2025-03-12 06:56:41.004011+00	2025-03-12 06:56:41.004019+00	夜宵		Expenses:Food:Dinner	1
1745	2025-03-12 06:56:41.006539+00	2025-03-12 06:56:41.006546+00	打车		Expenses:TransPort:Public	1
1746	2025-03-12 06:56:41.008849+00	2025-03-12 06:56:41.008853+00	抖音电商	抖音	Expenses:Shopping	1
1747	2025-03-12 06:56:41.011512+00	2025-03-12 06:56:41.011517+00	商城		Expenses:Shopping	1
1748	2025-03-12 06:56:41.01401+00	2025-03-12 06:56:41.014015+00	保险		Expenses:Finance:Insurance	1
1749	2025-03-12 06:56:41.016507+00	2025-03-12 06:56:41.016515+00	寄件		Expenses:Home	1
1750	2025-03-12 06:56:41.018979+00	2025-03-12 06:56:41.018988+00	书店		Expenses:Culture	1
1751	2025-03-12 06:56:41.022311+00	2025-03-12 06:56:41.02233+00	外卖		Expenses:Food	1
1752	2025-03-12 06:56:41.025892+00	2025-03-12 06:56:41.025911+00	滴滴出行		Expenses:TransPort:Public	1
1753	2025-03-12 06:56:41.029466+00	2025-03-12 06:56:41.029488+00	公交		Expenses:TransPort:Public	1
1754	2025-03-12 06:56:41.032672+00	2025-03-12 06:56:41.03269+00	航空		Expenses:TransPort:Public	1
1755	2025-03-12 06:56:41.036241+00	2025-03-12 06:56:41.03626+00	储值		Assets:Savings:Recharge	1
1756	2025-03-12 06:56:41.039699+00	2025-03-12 06:56:41.039714+00	出行		Expenses:TransPort:Public	1
1757	2025-03-12 06:56:41.04266+00	2025-03-12 06:56:41.042666+00	下午茶		Expenses:Food	1
1758	2025-03-12 06:56:41.045246+00	2025-03-12 06:56:41.04526+00	食物		Expenses:Food	1
1759	2025-03-12 06:56:41.048495+00	2025-03-12 06:56:41.048506+00	午饭		Expenses:Food:Lunch	1
1760	2025-03-12 06:56:41.051568+00	2025-03-12 06:56:41.05158+00	晚饭		Expenses:Food:Dinner	1
1761	2025-03-12 06:56:41.054497+00	2025-03-12 06:56:41.054507+00	早饭		Expenses:Food:Breakfast	1
1762	2025-03-12 06:56:41.057315+00	2025-03-12 06:56:41.057328+00	水费-	国家水网	Expenses:Home:Recharge	1
1763	2025-03-12 06:56:41.06046+00	2025-03-12 06:56:41.060472+00	电费-	国家电网	Expenses:Home:Recharge	1
1764	2025-03-12 06:56:41.063503+00	2025-03-12 06:56:41.063517+00	物流		Expenses:Home	1
1765	2025-03-12 06:56:41.06662+00	2025-03-12 06:56:41.066635+00	快递		Expenses:Home	1
1766	2025-03-12 06:56:41.069378+00	2025-03-12 06:56:41.06939+00	速递		Expenses:Home	1
1767	2025-03-12 06:56:41.07252+00	2025-03-12 06:56:41.072533+00	App Store		Expenses:Culture:Subscription	1
1768	2025-03-12 06:56:41.075663+00	2025-03-12 06:56:41.075675+00	饭店		Expenses:Food	1
1769	2025-03-12 06:56:41.078814+00	2025-03-12 06:56:41.078827+00	面馆		Expenses:Food	1
1770	2025-03-12 06:56:41.08167+00	2025-03-12 06:56:41.081679+00	服饰		Expenses:Shopping:Clothing	1
1771	2025-03-12 06:56:41.084683+00	2025-03-12 06:56:41.084694+00	METRO		Expenses:TransPort:Public	1
1772	2025-03-12 06:56:41.087821+00	2025-03-12 06:56:41.087838+00	食堂		Expenses:Food	1
1773	2025-03-12 06:56:41.09069+00	2025-03-12 06:56:41.090698+00	生活缴费		Expenses:Home	1
1774	2025-03-12 06:56:41.093112+00	2025-03-12 06:56:41.09312+00	速运		Expenses:Home	1
1775	2025-03-12 06:56:41.095926+00	2025-03-12 06:56:41.095934+00	跑腿		Expenses:Home	1
1776	2025-03-12 06:56:41.09869+00	2025-03-12 06:56:41.098701+00	霸王茶姬	霸王茶姬	Expenses:Food:DrinkFruit	1
1777	2025-03-12 06:56:41.10134+00	2025-03-12 06:56:41.101348+00	中医		Expenses:Health:Outpatient	1
1778	2025-03-12 06:56:41.103728+00	2025-03-12 06:56:41.103736+00	理疗		Expenses:Health:Outpatient	1
1779	2025-03-12 06:56:41.106613+00	2025-03-12 06:56:41.10662+00	肉粉馆		Expenses:Food	1
1780	2025-03-12 06:56:41.109315+00	2025-03-12 06:56:41.109322+00	增值服务		Expenses:Culture:Subscription	1
1781	2025-03-12 06:56:41.111992+00	2025-03-12 06:56:41.112+00	购物		Expenses:Shopping	1
1782	2025-03-12 06:56:41.114424+00	2025-03-12 06:56:41.114432+00	药业		Expenses:Health:Medical	1
1783	2025-03-12 06:56:41.11723+00	2025-03-12 06:56:41.117238+00	药品		Expenses:Health:Medical	1
1784	2025-03-12 06:56:41.119883+00	2025-03-12 06:56:41.119891+00	牙膏		Expenses:Home:Daily	1
1785	2025-03-12 06:56:41.122515+00	2025-03-12 06:56:41.122523+00	运费		Expenses:Home	1
1786	2025-03-12 06:56:41.12492+00	2025-03-12 06:56:41.124928+00	税务		Expenses:Government	1
1787	2025-03-12 06:56:41.127699+00	2025-03-12 06:56:41.127707+00	充值		Expenses:Home:Recharge	1
1788	2025-03-12 06:56:41.130425+00	2025-03-12 06:56:41.130434+00	订阅		Expenses:Culture:Subscription	1
1789	2025-03-12 06:56:41.133077+00	2025-03-12 06:56:41.133084+00	轮胎		Expenses:TransPort:Private	1
1790	2025-03-12 06:56:41.135423+00	2025-03-12 06:56:41.13543+00	服饰鞋包		Expenses:Shopping:Clothing	1
1791	2025-03-12 06:56:41.1382+00	2025-03-12 06:56:41.138207+00	数码电器		Expenses:Shopping:Digital	1
1792	2025-03-12 06:56:41.140828+00	2025-03-12 06:56:41.140835+00	美容美发		Expenses:Shopping:Makeup	1
1793	2025-03-12 06:56:41.143354+00	2025-03-12 06:56:41.143361+00	母婴亲子		Expenses:Shopping:Parent	1
1794	2025-03-12 06:56:41.145673+00	2025-03-12 06:56:41.14568+00	日用百货		Expenses:Home:Daily	1
1795	2025-03-12 06:56:41.148419+00	2025-03-12 06:56:41.148426+00	挂号		Expenses:Health:Outpatient	1
1796	2025-03-12 06:56:41.151028+00	2025-03-12 06:56:41.151036+00	体检		Expenses:Health:Outpatient	1
1797	2025-03-12 06:56:41.153616+00	2025-03-12 06:56:41.153623+00	燃气		Expenses:Home:Recharge	1
1798	2025-03-12 06:56:41.155922+00	2025-03-12 06:56:41.15593+00	装修		Expenses:Home:Decoration	1
1799	2025-03-12 06:56:41.15863+00	2025-03-12 06:56:41.158637+00	科沃斯	科沃斯	Expenses:Shopping:Digital	1
1800	2025-03-12 06:56:41.161242+00	2025-03-12 06:56:41.161249+00	机器人		Expenses:Shopping:Digital	1
1801	2025-03-12 06:56:41.164125+00	2025-03-12 06:56:41.16414+00	路由器		Expenses:Shopping:Digital	1
1802	2025-03-12 06:56:41.167303+00	2025-03-12 06:56:41.167321+00	批发		Expenses:Shopping	1
1803	2025-03-12 06:56:41.170719+00	2025-03-12 06:56:41.170733+00	小卖部		Expenses:Shopping	1
1804	2025-03-12 06:56:41.174149+00	2025-03-12 06:56:41.174166+00	烧烤		Expenses:Food	1
1805	2025-03-12 06:56:41.17743+00	2025-03-12 06:56:41.17744+00	排档		Expenses:Food	1
1806	2025-03-12 06:56:41.180021+00	2025-03-12 06:56:41.18003+00	洗面奶		Expenses:Shopping:Makeup	1
1807	2025-03-12 06:56:41.183008+00	2025-03-12 06:56:41.183017+00	婴儿		Expenses:Shopping:Parent	1
1808	2025-03-12 06:56:41.186072+00	2025-03-12 06:56:41.186086+00	新生儿		Expenses:Shopping:Parent	1
1809	2025-03-12 06:56:41.189427+00	2025-03-12 06:56:41.189449+00	宝宝		Expenses:Shopping:Parent	1
1810	2025-03-12 06:56:41.192518+00	2025-03-12 06:56:41.192531+00	狂欢价		Expenses:Shopping	1
1811	2025-03-12 06:56:41.196017+00	2025-03-12 06:56:41.196038+00	文具		Expenses:Culture	1
1812	2025-03-12 06:56:41.199506+00	2025-03-12 06:56:41.199526+00	借出		Assets:Receivables:Personal	1
1813	2025-03-12 06:56:41.202807+00	2025-03-12 06:56:41.202825+00	六贤记	六贤记	Assets:Savings:Recharge:LiuXianJi	1
1814	2025-03-12 06:56:41.205658+00	2025-03-12 06:56:41.205671+00	公共交通		Expenses:TransPort:Public	1
1815	2025-03-12 06:56:41.208605+00	2025-03-12 06:56:41.208614+00	美团订单	美团	Expenses:Food	1
1816	2025-03-12 06:56:41.211425+00	2025-03-12 06:56:41.211433+00	早教		Expenses:Shopping:Parent	1
1817	2025-03-12 06:56:41.214142+00	2025-03-12 06:56:41.214151+00	玩具		Expenses:Shopping:Parent	1
1818	2025-03-12 06:56:41.216607+00	2025-03-12 06:56:41.216614+00	新生		Expenses:Shopping:Parent	1
1819	2025-03-12 06:56:41.219462+00	2025-03-12 06:56:41.21947+00	益智		Expenses:Shopping:Parent	1
1820	2025-03-12 06:56:41.222258+00	2025-03-12 06:56:41.222266+00	贝亲		Expenses:Shopping:Parent	1
1821	2025-03-12 06:56:41.225118+00	2025-03-12 06:56:41.225129+00	希望树		Expenses:Home:Daily	1
1822	2025-03-12 06:56:41.227613+00	2025-03-12 06:56:41.22762+00	网络服务		Expenses:Culture:Subscription	1
1823	2025-03-12 06:56:41.230435+00	2025-03-12 06:56:41.230442+00	插板		Expenses:Home:Decoration	1
1824	2025-03-12 06:56:41.233145+00	2025-03-12 06:56:41.233153+00	点餐		Expenses:Food	1
1825	2025-03-12 06:56:41.235829+00	2025-03-12 06:56:41.235836+00	统一公共支付平台		Expenses:Government:Fine	1
1826	2025-03-12 06:56:41.238226+00	2025-03-12 06:56:41.238234+00	口红		Expenses:Shopping:Makeup	1
1827	2025-03-12 06:56:41.241152+00	2025-03-12 06:56:41.241161+00	季素梅		Expenses:Food	1
1828	2025-03-12 06:56:41.243926+00	2025-03-12 06:56:41.243935+00	医院		Expenses:Health:Outpatient	1
1829	2025-03-12 06:56:41.246625+00	2025-03-12 06:56:41.246633+00	凯义	王凯义	Liabilities:Payables:Personal:WangKaiYi	1
1830	2025-03-12 06:56:41.249052+00	2025-03-12 06:56:41.249061+00	老婆	王凯义	Liabilities:Payables:Personal:WangKaiYi	1
1831	2025-03-12 06:56:41.251874+00	2025-03-12 06:56:41.251882+00	门诊		Expenses:Health:Outpatient	1
1832	2025-03-12 06:56:41.254612+00	2025-03-12 06:56:41.254622+00	小杨生煎		Expenses:Food	1
1833	2025-03-12 06:56:41.257418+00	2025-03-12 06:56:41.257426+00	烘焙		Expenses:Food	1
1834	2025-03-12 06:56:41.259831+00	2025-03-12 06:56:41.259838+00	半身裙		Expenses:Shopping:Clothing	1
1835	2025-03-12 06:56:41.262641+00	2025-03-12 06:56:41.262648+00	百褶裙		Expenses:Shopping:Clothing	1
1836	2025-03-12 06:56:41.265375+00	2025-03-12 06:56:41.265383+00	短裙		Expenses:Shopping:Clothing	1
1837	2025-03-12 06:56:41.268108+00	2025-03-12 06:56:41.268116+00	裙子		Expenses:Shopping:Clothing	1
1838	2025-03-12 06:56:41.270527+00	2025-03-12 06:56:41.270535+00	打底		Expenses:Shopping:Clothing	1
1839	2025-03-12 06:56:41.273385+00	2025-03-12 06:56:41.273392+00	速冻		Expenses:Food	1
1840	2025-03-12 06:56:41.276144+00	2025-03-12 06:56:41.276152+00	菜鸟		Expenses:Home	1
1841	2025-03-12 06:56:41.279276+00	2025-03-12 06:56:41.279284+00	美甲		Expenses:Shopping:Makeup	1
1842	2025-03-12 06:56:41.2816+00	2025-03-12 06:56:41.281606+00	穿戴甲		Expenses:Shopping:Makeup	1
1843	2025-03-12 06:56:41.284293+00	2025-03-12 06:56:41.2843+00	纸尿裤		Expenses:Shopping:Parent	1
1844	2025-03-12 06:56:41.286901+00	2025-03-12 06:56:41.286908+00	拉拉裤		Expenses:Shopping:Parent	1
1845	2025-03-12 06:56:41.289483+00	2025-03-12 06:56:41.28949+00	长袖		Expenses:Shopping:Clothing	1
1846	2025-03-12 06:56:41.291754+00	2025-03-12 06:56:41.291761+00	短袖		Expenses:Shopping:Clothing	1
1847	2025-03-12 06:56:41.29446+00	2025-03-12 06:56:41.294466+00	连衣裙		Expenses:Shopping:Clothing	1
1848	2025-03-12 06:56:41.297089+00	2025-03-12 06:56:41.297097+00	背带裙		Expenses:Shopping:Clothing	1
1849	2025-03-12 06:56:41.299675+00	2025-03-12 06:56:41.299682+00	吊带		Expenses:Shopping:Clothing	1
1850	2025-03-12 06:56:41.301936+00	2025-03-12 06:56:41.301943+00	背心		Expenses:Shopping:Clothing	1
1851	2025-03-12 06:56:41.304609+00	2025-03-12 06:56:41.304616+00	遮瑕		Expenses:Shopping:Makeup	1
1852	2025-03-12 06:56:41.307741+00	2025-03-12 06:56:41.307758+00	隔离霜		Expenses:Shopping:Makeup	1
1853	2025-03-12 06:56:41.31121+00	2025-03-12 06:56:41.311227+00	高跟鞋		Expenses:Shopping:Clothing	1
1854	2025-03-12 06:56:41.314103+00	2025-03-12 06:56:41.314115+00	光腿神器		Expenses:Shopping:Clothing	1
1855	2025-03-12 06:56:41.31722+00	2025-03-12 06:56:41.317229+00	打底裤		Expenses:Shopping:Clothing	1
1856	2025-03-12 06:56:41.320117+00	2025-03-12 06:56:41.320124+00	丝袜		Expenses:Shopping:Clothing	1
1857	2025-03-12 06:56:41.322876+00	2025-03-12 06:56:41.322884+00	上衣		Expenses:Shopping:Clothing	1
1858	2025-03-12 06:56:41.325257+00	2025-03-12 06:56:41.325264+00	卫生巾		Expenses:Home:Daily	1
1859	2025-03-12 06:56:41.328208+00	2025-03-12 06:56:41.32822+00	内衣		Expenses:Shopping:Clothing	1
1860	2025-03-12 06:56:41.331097+00	2025-03-12 06:56:41.331106+00	雪地靴		Expenses:Shopping:Clothing	1
1861	2025-03-12 06:56:41.33385+00	2025-03-12 06:56:41.333859+00	棉鞋		Expenses:Shopping:Clothing	1
1862	2025-03-12 06:56:41.336254+00	2025-03-12 06:56:41.336261+00	精华液		Expenses:Shopping:Makeup	1
\.


--
-- Data for Name: maps_income; Type: TABLE DATA; Schema: public; Owner: root
--

COPY public.maps_income (id, created, modified, key, payer, income, owner_id) FROM stdin;
32	2024-10-18 08:58:10.72+00	2024-10-18 08:58:10.72+00	红包	\N	Income:Receivables:RedPacket	1
33	2024-10-18 08:58:10.726+00	2024-10-18 08:58:10.726+00	某义	老婆	Liabilities:Payables:Personal:LaoPo	1
34	2024-10-18 08:58:10.735+00	2024-10-18 08:58:10.735+00	小荷包	\N	Assets:Savings:Web:XiaoHeBao	1
35	2024-10-18 08:58:10.743+00	2024-10-18 08:58:10.743+00	老婆	老婆	Liabilities:Payables:Personal:LaoPo	1
36	2024-10-18 08:58:10.751+00	2024-10-18 08:58:10.751+00	戴某轩	\N	Assets:Savings:Web:XiaoHeBao:DaiMouXuan	1
37	2024-10-18 08:58:10.759+00	2024-10-18 08:58:10.759+00	收钱码经营版收款	\N	Income:Business	1
38	2024-10-18 08:58:10.767+00	2024-10-18 08:58:10.767+00	出行账户余额提现	\N	Income:Sideline:DiDi	1
\.


--
-- Data for Name: owntracks_owntracklog; Type: TABLE DATA; Schema: public; Owner: root
--

COPY public.owntracks_owntracklog (id, tid, lat, lon, creation_time) FROM stdin;
1	hr	27.81943733808316	120.73371022905768	2025-01-09 00:19:00+00
2	hr	27.819907	120.734261	2025-01-09 00:40:00+00
\.


--
-- Data for Name: socialaccount_socialaccount; Type: TABLE DATA; Schema: public; Owner: root
--

COPY public.socialaccount_socialaccount (id, provider, uid, last_login, date_joined, extra_data, user_id) FROM stdin;
\.


--
-- Data for Name: socialaccount_socialapp; Type: TABLE DATA; Schema: public; Owner: root
--

COPY public.socialaccount_socialapp (id, provider, name, client_id, secret, key, provider_id, settings) FROM stdin;
\.


--
-- Data for Name: socialaccount_socialapp_sites; Type: TABLE DATA; Schema: public; Owner: root
--

COPY public.socialaccount_socialapp_sites (id, socialapp_id, site_id) FROM stdin;
\.


--
-- Data for Name: socialaccount_socialtoken; Type: TABLE DATA; Schema: public; Owner: root
--

COPY public.socialaccount_socialtoken (id, token, token_secret, expires_at, account_id, app_id) FROM stdin;
\.


--
-- Data for Name: translate_formatconfig; Type: TABLE DATA; Schema: public; Owner: root
--

COPY public.translate_formatconfig (id, flag, show_note, show_tag, show_time, show_uuid, show_status, show_discount, income_template, owner_id) FROM stdin;
1	*	t	t	t	t	t	t		1
\.


--
-- Data for Name: usersessions_usersession; Type: TABLE DATA; Schema: public; Owner: root
--

COPY public.usersessions_usersession (id, created_at, ip, last_seen_at, session_key, user_agent, data, user_id) FROM stdin;
\.


--
-- Name: account_emailaddress_id_seq; Type: SEQUENCE SET; Schema: public; Owner: root
--

SELECT pg_catalog.setval('public.account_emailaddress_id_seq', 1, false);


--
-- Name: account_emailconfirmation_id_seq; Type: SEQUENCE SET; Schema: public; Owner: root
--

SELECT pg_catalog.setval('public.account_emailconfirmation_id_seq', 1, false);


--
-- Name: auth_group_id_seq; Type: SEQUENCE SET; Schema: public; Owner: root
--

SELECT pg_catalog.setval('public.auth_group_id_seq', 1, false);


--
-- Name: auth_group_permissions_id_seq; Type: SEQUENCE SET; Schema: public; Owner: root
--

SELECT pg_catalog.setval('public.auth_group_permissions_id_seq', 1, false);


--
-- Name: auth_permission_id_seq; Type: SEQUENCE SET; Schema: public; Owner: root
--

SELECT pg_catalog.setval('public.auth_permission_id_seq', 84, true);


--
-- Name: auth_user_groups_id_seq; Type: SEQUENCE SET; Schema: public; Owner: root
--

SELECT pg_catalog.setval('public.auth_user_groups_id_seq', 1, false);


--
-- Name: auth_user_id_seq; Type: SEQUENCE SET; Schema: public; Owner: root
--

SELECT pg_catalog.setval('public.auth_user_id_seq', 52, true);


--
-- Name: auth_user_user_permissions_id_seq; Type: SEQUENCE SET; Schema: public; Owner: root
--

SELECT pg_catalog.setval('public.auth_user_user_permissions_id_seq', 1, false);


--
-- Name: django_admin_log_id_seq; Type: SEQUENCE SET; Schema: public; Owner: root
--

SELECT pg_catalog.setval('public.django_admin_log_id_seq', 431, true);


--
-- Name: django_content_type_id_seq; Type: SEQUENCE SET; Schema: public; Owner: root
--

SELECT pg_catalog.setval('public.django_content_type_id_seq', 21, true);


--
-- Name: django_migrations_id_seq; Type: SEQUENCE SET; Schema: public; Owner: root
--

SELECT pg_catalog.setval('public.django_migrations_id_seq', 47, true);


--
-- Name: django_site_id_seq; Type: SEQUENCE SET; Schema: public; Owner: root
--

SELECT pg_catalog.setval('public.django_site_id_seq', 4, true);


--
-- Name: maps_assets_id_seq; Type: SEQUENCE SET; Schema: public; Owner: root
--

SELECT pg_catalog.setval('public.maps_assets_id_seq', 177, true);


--
-- Name: maps_expense_id_seq; Type: SEQUENCE SET; Schema: public; Owner: root
--

SELECT pg_catalog.setval('public.maps_expense_id_seq', 1862, true);


--
-- Name: maps_income_id_seq; Type: SEQUENCE SET; Schema: public; Owner: root
--

SELECT pg_catalog.setval('public.maps_income_id_seq', 38, true);


--
-- Name: owntracks_owntracklog_id_seq; Type: SEQUENCE SET; Schema: public; Owner: root
--

SELECT pg_catalog.setval('public.owntracks_owntracklog_id_seq', 2, true);


--
-- Name: socialaccount_socialaccount_id_seq; Type: SEQUENCE SET; Schema: public; Owner: root
--

SELECT pg_catalog.setval('public.socialaccount_socialaccount_id_seq', 1, false);


--
-- Name: socialaccount_socialapp_id_seq; Type: SEQUENCE SET; Schema: public; Owner: root
--

SELECT pg_catalog.setval('public.socialaccount_socialapp_id_seq', 1, false);


--
-- Name: socialaccount_socialapp_sites_id_seq; Type: SEQUENCE SET; Schema: public; Owner: root
--

SELECT pg_catalog.setval('public.socialaccount_socialapp_sites_id_seq', 1, false);


--
-- Name: socialaccount_socialtoken_id_seq; Type: SEQUENCE SET; Schema: public; Owner: root
--

SELECT pg_catalog.setval('public.socialaccount_socialtoken_id_seq', 1, false);


--
-- Name: translate_formatconfig_id_seq; Type: SEQUENCE SET; Schema: public; Owner: root
--

SELECT pg_catalog.setval('public.translate_formatconfig_id_seq', 3, true);


--
-- Name: usersessions_usersession_id_seq; Type: SEQUENCE SET; Schema: public; Owner: root
--

SELECT pg_catalog.setval('public.usersessions_usersession_id_seq', 200, true);


--
-- Name: account_emailaddress account_emailaddress_pkey; Type: CONSTRAINT; Schema: public; Owner: root
--

ALTER TABLE ONLY public.account_emailaddress
    ADD CONSTRAINT account_emailaddress_pkey PRIMARY KEY (id);


--
-- Name: account_emailaddress account_emailaddress_user_id_email_987c8728_uniq; Type: CONSTRAINT; Schema: public; Owner: root
--

ALTER TABLE ONLY public.account_emailaddress
    ADD CONSTRAINT account_emailaddress_user_id_email_987c8728_uniq UNIQUE (user_id, email);


--
-- Name: account_emailconfirmation account_emailconfirmation_key_key; Type: CONSTRAINT; Schema: public; Owner: root
--

ALTER TABLE ONLY public.account_emailconfirmation
    ADD CONSTRAINT account_emailconfirmation_key_key UNIQUE (key);


--
-- Name: account_emailconfirmation account_emailconfirmation_pkey; Type: CONSTRAINT; Schema: public; Owner: root
--

ALTER TABLE ONLY public.account_emailconfirmation
    ADD CONSTRAINT account_emailconfirmation_pkey PRIMARY KEY (id);


--
-- Name: auth_group auth_group_name_key; Type: CONSTRAINT; Schema: public; Owner: root
--

ALTER TABLE ONLY public.auth_group
    ADD CONSTRAINT auth_group_name_key UNIQUE (name);


--
-- Name: auth_group_permissions auth_group_permissions_group_id_permission_id_0cd325b0_uniq; Type: CONSTRAINT; Schema: public; Owner: root
--

ALTER TABLE ONLY public.auth_group_permissions
    ADD CONSTRAINT auth_group_permissions_group_id_permission_id_0cd325b0_uniq UNIQUE (group_id, permission_id);


--
-- Name: auth_group_permissions auth_group_permissions_pkey; Type: CONSTRAINT; Schema: public; Owner: root
--

ALTER TABLE ONLY public.auth_group_permissions
    ADD CONSTRAINT auth_group_permissions_pkey PRIMARY KEY (id);


--
-- Name: auth_group auth_group_pkey; Type: CONSTRAINT; Schema: public; Owner: root
--

ALTER TABLE ONLY public.auth_group
    ADD CONSTRAINT auth_group_pkey PRIMARY KEY (id);


--
-- Name: auth_permission auth_permission_content_type_id_codename_01ab375a_uniq; Type: CONSTRAINT; Schema: public; Owner: root
--

ALTER TABLE ONLY public.auth_permission
    ADD CONSTRAINT auth_permission_content_type_id_codename_01ab375a_uniq UNIQUE (content_type_id, codename);


--
-- Name: auth_permission auth_permission_pkey; Type: CONSTRAINT; Schema: public; Owner: root
--

ALTER TABLE ONLY public.auth_permission
    ADD CONSTRAINT auth_permission_pkey PRIMARY KEY (id);


--
-- Name: auth_user_groups auth_user_groups_pkey; Type: CONSTRAINT; Schema: public; Owner: root
--

ALTER TABLE ONLY public.auth_user_groups
    ADD CONSTRAINT auth_user_groups_pkey PRIMARY KEY (id);


--
-- Name: auth_user_groups auth_user_groups_user_id_group_id_94350c0c_uniq; Type: CONSTRAINT; Schema: public; Owner: root
--

ALTER TABLE ONLY public.auth_user_groups
    ADD CONSTRAINT auth_user_groups_user_id_group_id_94350c0c_uniq UNIQUE (user_id, group_id);


--
-- Name: auth_user auth_user_pkey; Type: CONSTRAINT; Schema: public; Owner: root
--

ALTER TABLE ONLY public.auth_user
    ADD CONSTRAINT auth_user_pkey PRIMARY KEY (id);


--
-- Name: auth_user_user_permissions auth_user_user_permissions_pkey; Type: CONSTRAINT; Schema: public; Owner: root
--

ALTER TABLE ONLY public.auth_user_user_permissions
    ADD CONSTRAINT auth_user_user_permissions_pkey PRIMARY KEY (id);


--
-- Name: auth_user_user_permissions auth_user_user_permissions_user_id_permission_id_14a6b632_uniq; Type: CONSTRAINT; Schema: public; Owner: root
--

ALTER TABLE ONLY public.auth_user_user_permissions
    ADD CONSTRAINT auth_user_user_permissions_user_id_permission_id_14a6b632_uniq UNIQUE (user_id, permission_id);


--
-- Name: auth_user auth_user_username_key; Type: CONSTRAINT; Schema: public; Owner: root
--

ALTER TABLE ONLY public.auth_user
    ADD CONSTRAINT auth_user_username_key UNIQUE (username);


--
-- Name: authtoken_token authtoken_token_pkey; Type: CONSTRAINT; Schema: public; Owner: root
--

ALTER TABLE ONLY public.authtoken_token
    ADD CONSTRAINT authtoken_token_pkey PRIMARY KEY (key);


--
-- Name: authtoken_token authtoken_token_user_id_key; Type: CONSTRAINT; Schema: public; Owner: root
--

ALTER TABLE ONLY public.authtoken_token
    ADD CONSTRAINT authtoken_token_user_id_key UNIQUE (user_id);


--
-- Name: django_admin_log django_admin_log_pkey; Type: CONSTRAINT; Schema: public; Owner: root
--

ALTER TABLE ONLY public.django_admin_log
    ADD CONSTRAINT django_admin_log_pkey PRIMARY KEY (id);


--
-- Name: django_content_type django_content_type_app_label_model_76bd3d3b_uniq; Type: CONSTRAINT; Schema: public; Owner: root
--

ALTER TABLE ONLY public.django_content_type
    ADD CONSTRAINT django_content_type_app_label_model_76bd3d3b_uniq UNIQUE (app_label, model);


--
-- Name: django_content_type django_content_type_pkey; Type: CONSTRAINT; Schema: public; Owner: root
--

ALTER TABLE ONLY public.django_content_type
    ADD CONSTRAINT django_content_type_pkey PRIMARY KEY (id);


--
-- Name: django_migrations django_migrations_pkey; Type: CONSTRAINT; Schema: public; Owner: root
--

ALTER TABLE ONLY public.django_migrations
    ADD CONSTRAINT django_migrations_pkey PRIMARY KEY (id);


--
-- Name: django_session django_session_pkey; Type: CONSTRAINT; Schema: public; Owner: root
--

ALTER TABLE ONLY public.django_session
    ADD CONSTRAINT django_session_pkey PRIMARY KEY (session_key);


--
-- Name: django_site django_site_domain_a2e37b91_uniq; Type: CONSTRAINT; Schema: public; Owner: root
--

ALTER TABLE ONLY public.django_site
    ADD CONSTRAINT django_site_domain_a2e37b91_uniq UNIQUE (domain);


--
-- Name: django_site django_site_pkey; Type: CONSTRAINT; Schema: public; Owner: root
--

ALTER TABLE ONLY public.django_site
    ADD CONSTRAINT django_site_pkey PRIMARY KEY (id);


--
-- Name: maps_assets maps_assets_pkey; Type: CONSTRAINT; Schema: public; Owner: root
--

ALTER TABLE ONLY public.maps_assets
    ADD CONSTRAINT maps_assets_pkey PRIMARY KEY (id);


--
-- Name: maps_expense maps_expense_pkey; Type: CONSTRAINT; Schema: public; Owner: root
--

ALTER TABLE ONLY public.maps_expense
    ADD CONSTRAINT maps_expense_pkey PRIMARY KEY (id);


--
-- Name: maps_income maps_income_pkey; Type: CONSTRAINT; Schema: public; Owner: root
--

ALTER TABLE ONLY public.maps_income
    ADD CONSTRAINT maps_income_pkey PRIMARY KEY (id);


--
-- Name: owntracks_owntracklog owntracks_owntracklog_pkey; Type: CONSTRAINT; Schema: public; Owner: root
--

ALTER TABLE ONLY public.owntracks_owntracklog
    ADD CONSTRAINT owntracks_owntracklog_pkey PRIMARY KEY (id);


--
-- Name: socialaccount_socialaccount socialaccount_socialaccount_pkey; Type: CONSTRAINT; Schema: public; Owner: root
--

ALTER TABLE ONLY public.socialaccount_socialaccount
    ADD CONSTRAINT socialaccount_socialaccount_pkey PRIMARY KEY (id);


--
-- Name: socialaccount_socialaccount socialaccount_socialaccount_provider_uid_fc810c6e_uniq; Type: CONSTRAINT; Schema: public; Owner: root
--

ALTER TABLE ONLY public.socialaccount_socialaccount
    ADD CONSTRAINT socialaccount_socialaccount_provider_uid_fc810c6e_uniq UNIQUE (provider, uid);


--
-- Name: socialaccount_socialapp_sites socialaccount_socialapp__socialapp_id_site_id_71a9a768_uniq; Type: CONSTRAINT; Schema: public; Owner: root
--

ALTER TABLE ONLY public.socialaccount_socialapp_sites
    ADD CONSTRAINT socialaccount_socialapp__socialapp_id_site_id_71a9a768_uniq UNIQUE (socialapp_id, site_id);


--
-- Name: socialaccount_socialapp socialaccount_socialapp_pkey; Type: CONSTRAINT; Schema: public; Owner: root
--

ALTER TABLE ONLY public.socialaccount_socialapp
    ADD CONSTRAINT socialaccount_socialapp_pkey PRIMARY KEY (id);


--
-- Name: socialaccount_socialapp_sites socialaccount_socialapp_sites_pkey; Type: CONSTRAINT; Schema: public; Owner: root
--

ALTER TABLE ONLY public.socialaccount_socialapp_sites
    ADD CONSTRAINT socialaccount_socialapp_sites_pkey PRIMARY KEY (id);


--
-- Name: socialaccount_socialtoken socialaccount_socialtoken_app_id_account_id_fca4e0ac_uniq; Type: CONSTRAINT; Schema: public; Owner: root
--

ALTER TABLE ONLY public.socialaccount_socialtoken
    ADD CONSTRAINT socialaccount_socialtoken_app_id_account_id_fca4e0ac_uniq UNIQUE (app_id, account_id);


--
-- Name: socialaccount_socialtoken socialaccount_socialtoken_pkey; Type: CONSTRAINT; Schema: public; Owner: root
--

ALTER TABLE ONLY public.socialaccount_socialtoken
    ADD CONSTRAINT socialaccount_socialtoken_pkey PRIMARY KEY (id);


--
-- Name: translate_formatconfig translate_formatconfig_pkey; Type: CONSTRAINT; Schema: public; Owner: root
--

ALTER TABLE ONLY public.translate_formatconfig
    ADD CONSTRAINT translate_formatconfig_pkey PRIMARY KEY (id);


--
-- Name: translate_formatconfig unique_user_config; Type: CONSTRAINT; Schema: public; Owner: root
--

ALTER TABLE ONLY public.translate_formatconfig
    ADD CONSTRAINT unique_user_config UNIQUE (owner_id);


--
-- Name: usersessions_usersession usersessions_usersession_pkey; Type: CONSTRAINT; Schema: public; Owner: root
--

ALTER TABLE ONLY public.usersessions_usersession
    ADD CONSTRAINT usersessions_usersession_pkey PRIMARY KEY (id);


--
-- Name: usersessions_usersession usersessions_usersession_session_key_key; Type: CONSTRAINT; Schema: public; Owner: root
--

ALTER TABLE ONLY public.usersessions_usersession
    ADD CONSTRAINT usersessions_usersession_session_key_key UNIQUE (session_key);


--
-- Name: account_emailaddress_email_03be32b2; Type: INDEX; Schema: public; Owner: root
--

CREATE INDEX account_emailaddress_email_03be32b2 ON public.account_emailaddress USING btree (email);


--
-- Name: account_emailaddress_email_03be32b2_like; Type: INDEX; Schema: public; Owner: root
--

CREATE INDEX account_emailaddress_email_03be32b2_like ON public.account_emailaddress USING btree (email varchar_pattern_ops);


--
-- Name: account_emailaddress_user_id_2c513194; Type: INDEX; Schema: public; Owner: root
--

CREATE INDEX account_emailaddress_user_id_2c513194 ON public.account_emailaddress USING btree (user_id);


--
-- Name: account_emailconfirmation_email_address_id_5b7f8c58; Type: INDEX; Schema: public; Owner: root
--

CREATE INDEX account_emailconfirmation_email_address_id_5b7f8c58 ON public.account_emailconfirmation USING btree (email_address_id);


--
-- Name: account_emailconfirmation_key_f43612bd_like; Type: INDEX; Schema: public; Owner: root
--

CREATE INDEX account_emailconfirmation_key_f43612bd_like ON public.account_emailconfirmation USING btree (key varchar_pattern_ops);


--
-- Name: auth_group_name_a6ea08ec_like; Type: INDEX; Schema: public; Owner: root
--

CREATE INDEX auth_group_name_a6ea08ec_like ON public.auth_group USING btree (name varchar_pattern_ops);


--
-- Name: auth_group_permissions_group_id_b120cbf9; Type: INDEX; Schema: public; Owner: root
--

CREATE INDEX auth_group_permissions_group_id_b120cbf9 ON public.auth_group_permissions USING btree (group_id);


--
-- Name: auth_group_permissions_permission_id_84c5c92e; Type: INDEX; Schema: public; Owner: root
--

CREATE INDEX auth_group_permissions_permission_id_84c5c92e ON public.auth_group_permissions USING btree (permission_id);


--
-- Name: auth_permission_content_type_id_2f476e4b; Type: INDEX; Schema: public; Owner: root
--

CREATE INDEX auth_permission_content_type_id_2f476e4b ON public.auth_permission USING btree (content_type_id);


--
-- Name: auth_user_groups_group_id_97559544; Type: INDEX; Schema: public; Owner: root
--

CREATE INDEX auth_user_groups_group_id_97559544 ON public.auth_user_groups USING btree (group_id);


--
-- Name: auth_user_groups_user_id_6a12ed8b; Type: INDEX; Schema: public; Owner: root
--

CREATE INDEX auth_user_groups_user_id_6a12ed8b ON public.auth_user_groups USING btree (user_id);


--
-- Name: auth_user_user_permissions_permission_id_1fbb5f2c; Type: INDEX; Schema: public; Owner: root
--

CREATE INDEX auth_user_user_permissions_permission_id_1fbb5f2c ON public.auth_user_user_permissions USING btree (permission_id);


--
-- Name: auth_user_user_permissions_user_id_a95ead1b; Type: INDEX; Schema: public; Owner: root
--

CREATE INDEX auth_user_user_permissions_user_id_a95ead1b ON public.auth_user_user_permissions USING btree (user_id);


--
-- Name: auth_user_username_6821ab7c_like; Type: INDEX; Schema: public; Owner: root
--

CREATE INDEX auth_user_username_6821ab7c_like ON public.auth_user USING btree (username varchar_pattern_ops);


--
-- Name: authtoken_token_key_10f0b77e_like; Type: INDEX; Schema: public; Owner: root
--

CREATE INDEX authtoken_token_key_10f0b77e_like ON public.authtoken_token USING btree (key varchar_pattern_ops);


--
-- Name: django_admin_log_content_type_id_c4bce8eb; Type: INDEX; Schema: public; Owner: root
--

CREATE INDEX django_admin_log_content_type_id_c4bce8eb ON public.django_admin_log USING btree (content_type_id);


--
-- Name: django_admin_log_user_id_c564eba6; Type: INDEX; Schema: public; Owner: root
--

CREATE INDEX django_admin_log_user_id_c564eba6 ON public.django_admin_log USING btree (user_id);


--
-- Name: django_session_expire_date_a5c62663; Type: INDEX; Schema: public; Owner: root
--

CREATE INDEX django_session_expire_date_a5c62663 ON public.django_session USING btree (expire_date);


--
-- Name: django_session_session_key_c0390e0f_like; Type: INDEX; Schema: public; Owner: root
--

CREATE INDEX django_session_session_key_c0390e0f_like ON public.django_session USING btree (session_key varchar_pattern_ops);


--
-- Name: django_site_domain_a2e37b91_like; Type: INDEX; Schema: public; Owner: root
--

CREATE INDEX django_site_domain_a2e37b91_like ON public.django_site USING btree (domain varchar_pattern_ops);


--
-- Name: maps_assets_owner_id_c6403b26; Type: INDEX; Schema: public; Owner: root
--

CREATE INDEX maps_assets_owner_id_c6403b26 ON public.maps_assets USING btree (owner_id);


--
-- Name: maps_expense_owner_id_d327d8f9; Type: INDEX; Schema: public; Owner: root
--

CREATE INDEX maps_expense_owner_id_d327d8f9 ON public.maps_expense USING btree (owner_id);


--
-- Name: maps_income_owner_id_72c1c0ab; Type: INDEX; Schema: public; Owner: root
--

CREATE INDEX maps_income_owner_id_72c1c0ab ON public.maps_income USING btree (owner_id);


--
-- Name: socialaccount_socialaccount_user_id_8146e70c; Type: INDEX; Schema: public; Owner: root
--

CREATE INDEX socialaccount_socialaccount_user_id_8146e70c ON public.socialaccount_socialaccount USING btree (user_id);


--
-- Name: socialaccount_socialapp_sites_site_id_2579dee5; Type: INDEX; Schema: public; Owner: root
--

CREATE INDEX socialaccount_socialapp_sites_site_id_2579dee5 ON public.socialaccount_socialapp_sites USING btree (site_id);


--
-- Name: socialaccount_socialapp_sites_socialapp_id_97fb6e7d; Type: INDEX; Schema: public; Owner: root
--

CREATE INDEX socialaccount_socialapp_sites_socialapp_id_97fb6e7d ON public.socialaccount_socialapp_sites USING btree (socialapp_id);


--
-- Name: socialaccount_socialtoken_account_id_951f210e; Type: INDEX; Schema: public; Owner: root
--

CREATE INDEX socialaccount_socialtoken_account_id_951f210e ON public.socialaccount_socialtoken USING btree (account_id);


--
-- Name: socialaccount_socialtoken_app_id_636a42d7; Type: INDEX; Schema: public; Owner: root
--

CREATE INDEX socialaccount_socialtoken_app_id_636a42d7 ON public.socialaccount_socialtoken USING btree (app_id);


--
-- Name: translate_formatconfig_owner_id_eb366fbb; Type: INDEX; Schema: public; Owner: root
--

CREATE INDEX translate_formatconfig_owner_id_eb366fbb ON public.translate_formatconfig USING btree (owner_id);


--
-- Name: unique_primary_email; Type: INDEX; Schema: public; Owner: root
--

CREATE UNIQUE INDEX unique_primary_email ON public.account_emailaddress USING btree (user_id, "primary") WHERE "primary";


--
-- Name: unique_verified_email; Type: INDEX; Schema: public; Owner: root
--

CREATE UNIQUE INDEX unique_verified_email ON public.account_emailaddress USING btree (email) WHERE verified;


--
-- Name: usersessions_usersession_session_key_fd35de43_like; Type: INDEX; Schema: public; Owner: root
--

CREATE INDEX usersessions_usersession_session_key_fd35de43_like ON public.usersessions_usersession USING btree (session_key varchar_pattern_ops);


--
-- Name: usersessions_usersession_user_id_af5e0a6d; Type: INDEX; Schema: public; Owner: root
--

CREATE INDEX usersessions_usersession_user_id_af5e0a6d ON public.usersessions_usersession USING btree (user_id);


--
-- Name: account_emailaddress account_emailaddress_user_id_2c513194_fk_auth_user_id; Type: FK CONSTRAINT; Schema: public; Owner: root
--

ALTER TABLE ONLY public.account_emailaddress
    ADD CONSTRAINT account_emailaddress_user_id_2c513194_fk_auth_user_id FOREIGN KEY (user_id) REFERENCES public.auth_user(id) DEFERRABLE INITIALLY DEFERRED;


--
-- Name: account_emailconfirmation account_emailconfirm_email_address_id_5b7f8c58_fk_account_e; Type: FK CONSTRAINT; Schema: public; Owner: root
--

ALTER TABLE ONLY public.account_emailconfirmation
    ADD CONSTRAINT account_emailconfirm_email_address_id_5b7f8c58_fk_account_e FOREIGN KEY (email_address_id) REFERENCES public.account_emailaddress(id) DEFERRABLE INITIALLY DEFERRED;


--
-- Name: auth_group_permissions auth_group_permissio_permission_id_84c5c92e_fk_auth_perm; Type: FK CONSTRAINT; Schema: public; Owner: root
--

ALTER TABLE ONLY public.auth_group_permissions
    ADD CONSTRAINT auth_group_permissio_permission_id_84c5c92e_fk_auth_perm FOREIGN KEY (permission_id) REFERENCES public.auth_permission(id) DEFERRABLE INITIALLY DEFERRED;


--
-- Name: auth_group_permissions auth_group_permissions_group_id_b120cbf9_fk_auth_group_id; Type: FK CONSTRAINT; Schema: public; Owner: root
--

ALTER TABLE ONLY public.auth_group_permissions
    ADD CONSTRAINT auth_group_permissions_group_id_b120cbf9_fk_auth_group_id FOREIGN KEY (group_id) REFERENCES public.auth_group(id) DEFERRABLE INITIALLY DEFERRED;


--
-- Name: auth_permission auth_permission_content_type_id_2f476e4b_fk_django_co; Type: FK CONSTRAINT; Schema: public; Owner: root
--

ALTER TABLE ONLY public.auth_permission
    ADD CONSTRAINT auth_permission_content_type_id_2f476e4b_fk_django_co FOREIGN KEY (content_type_id) REFERENCES public.django_content_type(id) DEFERRABLE INITIALLY DEFERRED;


--
-- Name: auth_user_groups auth_user_groups_group_id_97559544_fk_auth_group_id; Type: FK CONSTRAINT; Schema: public; Owner: root
--

ALTER TABLE ONLY public.auth_user_groups
    ADD CONSTRAINT auth_user_groups_group_id_97559544_fk_auth_group_id FOREIGN KEY (group_id) REFERENCES public.auth_group(id) DEFERRABLE INITIALLY DEFERRED;


--
-- Name: auth_user_groups auth_user_groups_user_id_6a12ed8b_fk_auth_user_id; Type: FK CONSTRAINT; Schema: public; Owner: root
--

ALTER TABLE ONLY public.auth_user_groups
    ADD CONSTRAINT auth_user_groups_user_id_6a12ed8b_fk_auth_user_id FOREIGN KEY (user_id) REFERENCES public.auth_user(id) DEFERRABLE INITIALLY DEFERRED;


--
-- Name: auth_user_user_permissions auth_user_user_permi_permission_id_1fbb5f2c_fk_auth_perm; Type: FK CONSTRAINT; Schema: public; Owner: root
--

ALTER TABLE ONLY public.auth_user_user_permissions
    ADD CONSTRAINT auth_user_user_permi_permission_id_1fbb5f2c_fk_auth_perm FOREIGN KEY (permission_id) REFERENCES public.auth_permission(id) DEFERRABLE INITIALLY DEFERRED;


--
-- Name: auth_user_user_permissions auth_user_user_permissions_user_id_a95ead1b_fk_auth_user_id; Type: FK CONSTRAINT; Schema: public; Owner: root
--

ALTER TABLE ONLY public.auth_user_user_permissions
    ADD CONSTRAINT auth_user_user_permissions_user_id_a95ead1b_fk_auth_user_id FOREIGN KEY (user_id) REFERENCES public.auth_user(id) DEFERRABLE INITIALLY DEFERRED;


--
-- Name: authtoken_token authtoken_token_user_id_35299eff_fk_auth_user_id; Type: FK CONSTRAINT; Schema: public; Owner: root
--

ALTER TABLE ONLY public.authtoken_token
    ADD CONSTRAINT authtoken_token_user_id_35299eff_fk_auth_user_id FOREIGN KEY (user_id) REFERENCES public.auth_user(id) DEFERRABLE INITIALLY DEFERRED;


--
-- Name: django_admin_log django_admin_log_content_type_id_c4bce8eb_fk_django_co; Type: FK CONSTRAINT; Schema: public; Owner: root
--

ALTER TABLE ONLY public.django_admin_log
    ADD CONSTRAINT django_admin_log_content_type_id_c4bce8eb_fk_django_co FOREIGN KEY (content_type_id) REFERENCES public.django_content_type(id) DEFERRABLE INITIALLY DEFERRED;


--
-- Name: django_admin_log django_admin_log_user_id_c564eba6_fk_auth_user_id; Type: FK CONSTRAINT; Schema: public; Owner: root
--

ALTER TABLE ONLY public.django_admin_log
    ADD CONSTRAINT django_admin_log_user_id_c564eba6_fk_auth_user_id FOREIGN KEY (user_id) REFERENCES public.auth_user(id) DEFERRABLE INITIALLY DEFERRED;


--
-- Name: maps_assets maps_assets_owner_id_c6403b26_fk_auth_user_id; Type: FK CONSTRAINT; Schema: public; Owner: root
--

ALTER TABLE ONLY public.maps_assets
    ADD CONSTRAINT maps_assets_owner_id_c6403b26_fk_auth_user_id FOREIGN KEY (owner_id) REFERENCES public.auth_user(id) DEFERRABLE INITIALLY DEFERRED;


--
-- Name: maps_expense maps_expense_owner_id_d327d8f9_fk_auth_user_id; Type: FK CONSTRAINT; Schema: public; Owner: root
--

ALTER TABLE ONLY public.maps_expense
    ADD CONSTRAINT maps_expense_owner_id_d327d8f9_fk_auth_user_id FOREIGN KEY (owner_id) REFERENCES public.auth_user(id) DEFERRABLE INITIALLY DEFERRED;


--
-- Name: maps_income maps_income_owner_id_72c1c0ab_fk_auth_user_id; Type: FK CONSTRAINT; Schema: public; Owner: root
--

ALTER TABLE ONLY public.maps_income
    ADD CONSTRAINT maps_income_owner_id_72c1c0ab_fk_auth_user_id FOREIGN KEY (owner_id) REFERENCES public.auth_user(id) DEFERRABLE INITIALLY DEFERRED;


--
-- Name: socialaccount_socialtoken socialaccount_social_account_id_951f210e_fk_socialacc; Type: FK CONSTRAINT; Schema: public; Owner: root
--

ALTER TABLE ONLY public.socialaccount_socialtoken
    ADD CONSTRAINT socialaccount_social_account_id_951f210e_fk_socialacc FOREIGN KEY (account_id) REFERENCES public.socialaccount_socialaccount(id) DEFERRABLE INITIALLY DEFERRED;


--
-- Name: socialaccount_socialtoken socialaccount_social_app_id_636a42d7_fk_socialacc; Type: FK CONSTRAINT; Schema: public; Owner: root
--

ALTER TABLE ONLY public.socialaccount_socialtoken
    ADD CONSTRAINT socialaccount_social_app_id_636a42d7_fk_socialacc FOREIGN KEY (app_id) REFERENCES public.socialaccount_socialapp(id) DEFERRABLE INITIALLY DEFERRED;


--
-- Name: socialaccount_socialapp_sites socialaccount_social_site_id_2579dee5_fk_django_si; Type: FK CONSTRAINT; Schema: public; Owner: root
--

ALTER TABLE ONLY public.socialaccount_socialapp_sites
    ADD CONSTRAINT socialaccount_social_site_id_2579dee5_fk_django_si FOREIGN KEY (site_id) REFERENCES public.django_site(id) DEFERRABLE INITIALLY DEFERRED;


--
-- Name: socialaccount_socialapp_sites socialaccount_social_socialapp_id_97fb6e7d_fk_socialacc; Type: FK CONSTRAINT; Schema: public; Owner: root
--

ALTER TABLE ONLY public.socialaccount_socialapp_sites
    ADD CONSTRAINT socialaccount_social_socialapp_id_97fb6e7d_fk_socialacc FOREIGN KEY (socialapp_id) REFERENCES public.socialaccount_socialapp(id) DEFERRABLE INITIALLY DEFERRED;


--
-- Name: socialaccount_socialaccount socialaccount_socialaccount_user_id_8146e70c_fk_auth_user_id; Type: FK CONSTRAINT; Schema: public; Owner: root
--

ALTER TABLE ONLY public.socialaccount_socialaccount
    ADD CONSTRAINT socialaccount_socialaccount_user_id_8146e70c_fk_auth_user_id FOREIGN KEY (user_id) REFERENCES public.auth_user(id) DEFERRABLE INITIALLY DEFERRED;


--
-- Name: translate_formatconfig translate_formatconfig_owner_id_eb366fbb_fk_auth_user_id; Type: FK CONSTRAINT; Schema: public; Owner: root
--

ALTER TABLE ONLY public.translate_formatconfig
    ADD CONSTRAINT translate_formatconfig_owner_id_eb366fbb_fk_auth_user_id FOREIGN KEY (owner_id) REFERENCES public.auth_user(id) DEFERRABLE INITIALLY DEFERRED;


--
-- Name: usersessions_usersession usersessions_usersession_user_id_af5e0a6d_fk_auth_user_id; Type: FK CONSTRAINT; Schema: public; Owner: root
--

ALTER TABLE ONLY public.usersessions_usersession
    ADD CONSTRAINT usersessions_usersession_user_id_af5e0a6d_fk_auth_user_id FOREIGN KEY (user_id) REFERENCES public.auth_user(id) DEFERRABLE INITIALLY DEFERRED;


--
-- PostgreSQL database dump complete
--

